checklist_id,action_id,change_id,cycle4_criterion,cycle4_title,section_type,field_or_focus,primary_department,support_departments,data_period,metric_or_threshold,evidence_link,official_confirmation_needed,preparation_task
evidence_00016,act_00016,chg_00018,3.1,교원 확보 및 구성,overview,증빙,교무처,교원인사 담당부서,,,c4__3_1__overview__content,true,편람 개요 항목 검토 및 준비: 대학은 교원 임용정책과 규정에 따라 합리적인 절차를 통하여 일정 규모 이상의 교원을 확보하여 관리하고 있다.
evidence_00019,act_00019,chg_00026,4.2,학생 심리상담 및 권익 보호,overview,증빙,학생상담센터,인권센터;장애학생지원센터,,,c4__4_2__overview__content,true,"편람 개요 항목 검토 및 준비: 대학은 학생이 대학 생활에 적응할 수 있도록 예산과 전문 인력을 확보한 학생상담 체계를 구축하고 심리상담을 진행하고 있으며, 개선을 위하여 지속적으로 노력하고 있다. 그리고 대학은 학생의 권익을 보호하기 위한 규정과 체계를 구축하여 운영하고 있다. 또한 대학의 배려가 필요한 소수집단학생 지원을 위한 규정과 체계를 갖추고 다양한 시설과 지원 프로그램을 마련하여 효율적으로 운영하고 있다."
evidence_00023,act_00023,chg_00036,1.1,교육목표 및 발전계획,evidence,증빙,기획처,교무처,,,c4__1_1__evidence__제출자료_첨부:002,true,근거자료 항목 검토 및 준비: 대학 중장기 발전계획서
evidence_00024,act_00024,chg_00037,1.1,교육목표 및 발전계획,evidence,증빙,기획처,교무처,,,c4__1_1__evidence__현지확인자료:001,true,근거자료 항목 검토 및 준비: 대학 중장기 발전계획 수립을 위한 구성원 의견 수렴 자료: 현재 발전계획 수립 당시
evidence_00025,act_00025,chg_00042,1.1,교육목표 및 발전계획,evidence,증빙,기획처,교무처,,,c3__1_1__evidence__현지확인자료:001,true,근거자료 항목 검토 및 준비: 학생학습성과 관리 및 운영 체계 관련 자료
evidence_00026,act_00026,chg_00043,1.1,교육목표 및 발전계획,evidence,실적기간;증빙,기획처,교무처,최근 3년;3년 자료,3년,c3__1_2__evidence__현지확인자료:003,true,근거자료 항목 검토 및 준비: 발전계획 평가결과와 반영 실적: 최근 3년 자료
evidence_00027,act_00027,chg_00044,1.1,교육목표 및 발전계획,evidence,면담;증빙,기획처,교무처,,,c3__1_2__evidence__현지면담:001,true,근거자료 항목 검토 및 준비: 기획처장
evidence_00028,act_00028,chg_00046,1.2,거버넌스와 감사,evidence,증빙,기획처,감사부서,,,c4__1_2__evidence__제출자료_관련규정:002,true,근거자료 항목 검토 및 준비: 공익제보 및 공익제보자 보호 제도 관련 규정
evidence_00029,act_00029,chg_00048,1.2,거버넌스와 감사,evidence,실적기간;증빙,기획처,감사부서,최근 3년;3년 자료,3년,c4__1_2__evidence__현지확인자료:002,true,근거자료 항목 검토 및 준비: 대학 구성원 참여 및 소통 체계 자료: 최근 3년 자료
evidence_00030,act_00030,chg_00049,1.2,거버넌스와 감사,evidence,실적기간;증빙,기획처,감사부서,최근 3년;3년 자료,3년,c4__1_2__evidence__현지확인자료:003,true,근거자료 항목 검토 및 준비: 대학 구성원 참여 및 소통 추진 실적 과 환류 실적 자료: 최근 3년 자료
evidence_00031,act_00031,chg_00050,1.2,거버넌스와 감사,evidence,실적기간;증빙,기획처,감사부서,최근 3년;3년 자료,3년,c4__1_2__evidence__현지확인자료:004,true,"근거자료 항목 검토 및 준비: 내·외부(교육부, 감사원 등) 감사보고서: 최근 3년 자료"
evidence_00032,act_00032,chg_00053,1.2,거버넌스와 감사,evidence,실적기간;증빙,기획처,감사부서,최근 3년;3년 자료,3년,c4__1_2__evidence__현지확인자료:007,true,근거자료 항목 검토 및 준비: 공익제보 절차 및 공익제보자 보호 제도 구축·운영 자료: 최근 3년 자료
evidence_00033,act_00033,chg_00065,1.3,재정 확보 및 집행,evidence,증빙,기획처,재무회계팀,,,c3__1_5__evidence__정보공시:001,true,근거자료 항목 검토 및 준비: 8. 예・결산 내역 등 학교 및 법인의 회계에 관한 사항
evidence_00034,act_00034,chg_00066,1.3,재정 확보 및 집행,evidence,증빙,기획처,재무회계팀,,,c3__1_5__evidence__현지확인자료:001,true,근거자료 항목 검토 및 준비: 중장기 재정 운영 계획서
evidence_00035,act_00035,chg_00067,1.3,재정 확보 및 집행,evidence,실적기간;증빙,기획처,재무회계팀,최근 3년;3년 자료,3년,c3__1_5__evidence__현지확인자료:002,true,근거자료 항목 검토 및 준비: 예・결산보고서: 최근 3년 자료
evidence_00036,act_00036,chg_00068,1.3,재정 확보 및 집행,evidence,면담;증빙,기획처,재무회계팀,,,c3__1_5__evidence__현지면담:001,true,근거자료 항목 검토 및 준비: 기획처장
evidence_00037,act_00037,chg_00069,1.4,성과관리체계 구축 및 운영,evidence,증빙,기획처,성과관리 담당부서,,,c4__1_4__evidence__정보공시:001,true,근거자료 항목 검토 및 준비: 11-가. 학교 발전계획 및 특성화계획
evidence_00038,act_00038,chg_00071,1.4,성과관리체계 구축 및 운영,evidence,증빙,기획처,성과관리 담당부서,,,c4__1_4__evidence__제출자료_관련규정:001,true,근거자료 항목 검토 및 준비: 대학 성과관리 관련 규정
evidence_00039,act_00039,chg_00072,1.4,성과관리체계 구축 및 운영,evidence,증빙,기획처,성과관리 담당부서,,,c4__1_4__evidence__제출자료_관련규정:002,true,근거자료 항목 검토 및 준비: 대학 자체평가 관련 규정
evidence_00040,act_00040,chg_00073,1.4,성과관리체계 구축 및 운영,evidence,증빙,기획처,성과관리 담당부서,,,c4__1_4__evidence__제출자료_첨부:001,true,근거자료 항목 검토 및 준비: 대학 중장기 발전계획서
evidence_00041,act_00041,chg_00075,1.4,성과관리체계 구축 및 운영,evidence,실적기간;증빙,기획처,성과관리 담당부서,최근 3년;3년 자료,3년,c4__1_4__evidence__현지확인자료:001,true,근거자료 항목 검토 및 준비: 대학 중장기 발전계획 성과평가 결과와 환류 실적: 최근 3년 자료
evidence_00042,act_00042,chg_00076,1.4,성과관리체계 구축 및 운영,evidence,실적기간;증빙,기획처,성과관리 담당부서,최근 3년;3년 자료,3년,c4__1_4__evidence__현지확인자료:002,true,근거자료 항목 검토 및 준비: 대학 자체평가 결과와 반영 자료: 최근 3년 자료
evidence_00043,act_00043,chg_00077,1.4,성과관리체계 구축 및 운영,evidence,면담;증빙,기획처,성과관리 담당부서,,,c4__1_4__evidence__현지면담:001,true,근거자료 항목 검토 및 준비: 기획처장
evidence_00044,act_00044,chg_00078,1.4,성과관리체계 구축 및 운영,evidence,면담;증빙,기획처,성과관리 담당부서,,,c4__1_4__evidence__현지면담:002,true,"근거자료 항목 검토 및 준비: 대학 발전계획 담당자, 대학 자체평가 담당자"
evidence_00045,act_00045,chg_00079,1.4,성과관리체계 구축 및 운영,evidence,실적기간;증빙,기획처,성과관리 담당부서,최근 3년;3년 자료,3년,c3__5_1__evidence__현지확인자료:002,true,"근거자료 항목 검토 및 준비: 교육만족도 조사 관련 자료(설문지, 분석 결과, 결과 반영 등): 최근 3년 자료"
evidence_00046,act_00046,chg_00080,1.4,성과관리체계 구축 및 운영,evidence,면담;증빙,기획처,성과관리 담당부서,,,c3__5_1__evidence__현지면담:001,true,"근거자료 항목 검토 및 준비: 기획처장, 교육만족도조사 담당자"
evidence_00047,act_00047,chg_00081,1.4,성과관리체계 구축 및 운영,evidence,기준값/정량;면담;증빙,기획처,성과관리 담당부서,,10명,c3__5_1__evidence__현지면담:002,true,"근거자료 항목 검토 및 준비: 학생 1 인원: 10명 내외 2 표집: 계열별, 학년별, 성별에 따라 고르게 분포"
evidence_00048,act_00048,chg_00082,1.5,교육성과,evidence,증빙,기획처,교무처;교육혁신원;취·창업지원부서,,,c4__1_5__evidence__정보공시:001,true,근거자료 항목 검토 및 준비: 4-라. 학생 충원 현황
evidence_00049,act_00049,chg_00083,1.5,교육성과,evidence,증빙,기획처,교무처;교육혁신원;취·창업지원부서,,,c4__1_5__evidence__정보공시:002,true,근거자료 항목 검토 및 준비: 5-다. 졸업생의 취업 현황
evidence_00050,act_00050,chg_00084,1.5,교육성과,evidence,증빙,기획처,교무처;교육혁신원;취·창업지원부서,,,c4__1_5__evidence__제출자료_관련규정:001,true,근거자료 항목 검토 및 준비: 교육만족도 조사 관련 규정
evidence_00051,act_00051,chg_00085,1.5,교육성과,evidence,실적기간;증빙,기획처,교무처;교육혁신원;취·창업지원부서,최근 3년;3년 자료,3년,c4__1_5__evidence__현지확인자료:001,true,근거자료 항목 검토 및 준비: 학생학습성과 관리 및 운영 체계 관련 자료: 최근 3년 자료
evidence_00052,act_00052,chg_00086,1.5,교육성과,evidence,실적기간;증빙,기획처,교무처;교육혁신원;취·창업지원부서,최근 3년;3년 자료,3년,c4__1_5__evidence__현지확인자료:002,true,"근거자료 항목 검토 및 준비: 교육 만족도 조사 관련 자료(설문지, 분석 결과, 환류 실적 등): 최근 3년 자료"
evidence_00053,act_00053,chg_00087,1.5,교육성과,evidence,면담;증빙,기획처,교무처;교육혁신원;취·창업지원부서,,,c4__1_5__evidence__현지면담:001,true,"근거자료 항목 검토 및 준비: 기획처장, 교무처장, 교육혁신원장, 취·창업지원처(센터)장"
evidence_00054,act_00054,chg_00088,1.5,교육성과,evidence,면담;증빙,기획처,교무처;교육혁신원;취·창업지원부서,,,c4__1_5__evidence__현지면담:002,true,"근거자료 항목 검토 및 준비: 취·창업지원 관련 업무 담당자, 학생역량 담당자, 교육 만족도 조사 담당자"
evidence_00055,act_00055,chg_00089,1.5,교육성과,evidence,기준값/정량;면담;증빙,기획처,교무처;교육혁신원;취·창업지원부서,,10명,c4__1_5__evidence__현지면담:003,true,"근거자료 항목 검토 및 준비: 학생 1 인원: 10명 내외 2 표집: 계열별, 학년별, 성별에 따라 고르게 분포"
evidence_00056,act_00056,chg_00090,1.5,교육성과,evidence,증빙,기획처,교무처;교육혁신원;취·창업지원부서,,,c3__5_2__evidence__정보공시:001,true,근거자료 항목 검토 및 준비: 4-다. 신입생 충원 현황
evidence_00057,act_00057,chg_00091,1.5,교육성과,evidence,실적기간;증빙,기획처,교무처;교육혁신원;취·창업지원부서,최근 3년;3년 자료,3년,c3__5_2__evidence__현지확인자료:001,true,근거자료 항목 검토 및 준비: 신입생실태조사보고서(또는 재학생실태조사보고서): 최근 3년 자료
evidence_00058,act_00058,chg_00096,1.6,사회공헌 및 지역사회 연계·협력,evidence,증빙,사회공헌 담당부서,지역협력부서;산학협력단,,,c4__1_6__evidence__제출자료_관련규정:002,true,근거자료 항목 검토 및 준비: 사회봉사 교과목 운영 관련 근거 규정
evidence_00059,act_00059,chg_00097,1.6,사회공헌 및 지역사회 연계·협력,evidence,증빙,사회공헌 담당부서,지역협력부서;산학협력단,,,c4__1_6__evidence__제출자료_관련규정:003,true,근거자료 항목 검토 및 준비: 지역사회 및 지역대학 연계·협력 관련 근거 규정
evidence_00060,act_00060,chg_00100,1.6,사회공헌 및 지역사회 연계·협력,evidence,실적기간;증빙,사회공헌 담당부서,지역협력부서;산학협력단,최근 3년;3년 자료,3년,c4__1_6__evidence__현지확인자료:001,true,근거자료 항목 검토 및 준비: 사회봉사 연간 계획: 최근 3년 자료
evidence_00061,act_00061,chg_00101,1.6,사회공헌 및 지역사회 연계·협력,evidence,실적기간;증빙,사회공헌 담당부서,지역협력부서;산학협력단,최근 3년;3년 자료,3년,c4__1_6__evidence__현지확인자료:002,true,근거자료 항목 검토 및 준비: 사회봉사 활동 증빙자료: 최근 3년 자료
evidence_00062,act_00062,chg_00102,1.6,사회공헌 및 지역사회 연계·협력,evidence,실적기간;증빙,사회공헌 담당부서,지역협력부서;산학협력단,최근 3년;3년 자료,3년,c4__1_6__evidence__현지확인자료:003,true,근거자료 항목 검토 및 준비: 사회봉사 지원 관련 자료: 최근 3년 자료
evidence_00063,act_00063,chg_00103,1.6,사회공헌 및 지역사회 연계·협력,evidence,실적기간;증빙,사회공헌 담당부서,지역협력부서;산학협력단,최근 3년;3년 자료,3년,c4__1_6__evidence__현지확인자료:004,true,근거자료 항목 검토 및 준비: 지역사회 및 지역대학과의 인적·물적 공유 및 연계·협력 관련 실적 자료: 최근 3년 자료
evidence_00064,act_00064,chg_00106,1.6,사회공헌 및 지역사회 연계·협력,evidence,면담;증빙,사회공헌 담당부서,지역협력부서;산학협력단,,,c4__1_6__evidence__현지면담:002,true,"근거자료 항목 검토 및 준비: 사회봉사단(센터)장, 사회봉사 업무 담당자, 사회봉사 교과목 담당 교수"
evidence_00065,act_00065,chg_00107,1.6,사회공헌 및 지역사회 연계·협력,evidence,면담;증빙,사회공헌 담당부서,지역협력부서;산학협력단,,,c4__1_6__evidence__현지면담:003,true,근거자료 항목 검토 및 준비: 지역대학 및 지역사회 연계·협력 부서장 및 담당자
evidence_00066,act_00066,chg_00108,1.6,사회공헌 및 지역사회 연계·협력,evidence,기준값/정량;면담;증빙,사회공헌 담당부서,지역협력부서;산학협력단,,10명,c3__5_5__evidence__현지면담:002,true,"근거자료 항목 검토 및 준비: 학생 1 인원: 10명 내외 2 표집: 계열별, 학년별, 성별에 따라 고르게 분포"
evidence_00067,act_00067,chg_00109,1.6,사회공헌 및 지역사회 연계·협력,evidence,실적기간;증빙,사회공헌 담당부서,지역협력부서;산학협력단,최근 3년;3년 자료,3년,c3__5_6__evidence__제출자료_첨부:001,true,근거자료 항목 검토 및 준비: 지역대학과의 공유 추진체계: 최근 3년 자료
evidence_00068,act_00068,chg_00110,1.6,사회공헌 및 지역사회 연계·협력,evidence,증빙,사회공헌 담당부서,지역협력부서;산학협력단,,,c3__5_6__evidence__제출자료_첨부:001.sub:001,true,"근거자료 항목 검토 및 준비: 근거 규정, 조직, 예산 등"
evidence_00069,act_00069,chg_00111,1.6,사회공헌 및 지역사회 연계·협력,evidence,실적기간;증빙,사회공헌 담당부서,지역협력부서;산학협력단,최근 3년;3년 자료,3년,c3__5_6__evidence__제출자료_첨부:002,true,근거자료 항목 검토 및 준비: 지역사회 연계・협력 추진체계: 최근 3년 자료
evidence_00070,act_00070,chg_00112,1.6,사회공헌 및 지역사회 연계·협력,evidence,증빙,사회공헌 담당부서,지역협력부서;산학협력단,,,c3__5_6__evidence__제출자료_첨부:002.sub:001,true,"근거자료 항목 검토 및 준비: 근거 규정, 조직, 예산 등"
evidence_00071,act_00071,chg_00130,2.2,교양교육과정,evidence,산식/기준산정;실적기간;증빙,교무처,교육과정 담당부서,최근 1년,1년;평균,c3__2_2__evidence__현지확인자료:002,true,"근거자료 항목 검토 및 준비: 교양과목별 평균 수강학생수(DB 대체 가능): 최근 1년 1, 2학기별 자료"
evidence_00072,act_00072,chg_00131,2.2,교양교육과정,evidence,산식/기준산정;실적기간;증빙,교무처,교육과정 담당부서,최근 1년,1년;평균,c3__2_2__evidence__현지확인자료:003,true,"근거자료 항목 검토 및 준비: 전임교원의 평균 강의 시수(전공 및 교양 강의 실제 강의 시수 데이터 엑셀파일): 최근 1년 1, 2학기별 자료"
evidence_00073,act_00073,chg_00132,2.2,교양교육과정,evidence,증빙,교무처,교육과정 담당부서,,,c3__2_2__evidence__현지확인자료:004,true,근거자료 항목 검토 및 준비: 비교과과정 구성 현황
evidence_00074,act_00074,chg_00134,2.3,전공교육과정,evidence,증빙,교무처,교육과정 담당부서,,,c4__2_3__evidence__제출자료_관련규정:002,true,"근거자료 항목 검토 및 준비: 부·복수·다전공·기타전공(융합, 연계, 자율전공 등) 및 소단위 전공 제도 운영 관련 규정"
evidence_00075,act_00075,chg_00137,2.3,전공교육과정,evidence,증빙,교무처,교육과정 담당부서,,,c4__2_3__evidence__현지확인자료:002,true,근거자료 항목 검토 및 준비: 전공실험·실습·실기·설계 과목 수업자료 및 수업계획서(계열을 고려하여 3∼4개)
evidence_00076,act_00076,chg_00138,2.3,전공교육과정,evidence,증빙,교무처,교육과정 담당부서,,,c4__2_3__evidence__현지확인자료:003,true,근거자료 항목 검토 및 준비: 전공실험·실습·실기·설계 수업 조교 현황
evidence_00077,act_00077,chg_00139,2.3,전공교육과정,evidence,증빙,교무처,교육과정 담당부서,,,c4__2_3__evidence__현지확인자료:004,true,"근거자료 항목 검토 및 준비: 수업 조교 업무분장표, 인사발령사항"
evidence_00078,act_00078,chg_00140,2.3,전공교육과정,evidence,증빙,교무처,교육과정 담당부서,,,c4__2_3__evidence__현지확인자료:005,true,근거자료 항목 검토 및 준비: 수업 조교별 담당 교과목 현황
evidence_00079,act_00079,chg_00141,2.3,전공교육과정,evidence,증빙,교무처,교육과정 담당부서,,,c4__2_3__evidence__현지확인자료:006,true,"근거자료 항목 검토 및 준비: 부·복수·다전공·기타전공(융합, 연계, 자율전공 등) 연도별이수 현황"
evidence_00080,act_00080,chg_00142,2.3,전공교육과정,evidence,증빙,교무처,교육과정 담당부서,,,c4__2_3__evidence__현지확인자료:007,true,근거자료 항목 검토 및 준비: 소단위 전공 연도별 이수 현황
evidence_00081,act_00081,chg_00146,2.3,전공교육과정,evidence,증빙,교무처,교육과정 담당부서,,,c3__2_3__evidence__현지확인자료:004,true,근거자료 항목 검토 및 준비: 전공 비교과과정 구성 현황
evidence_00082,act_00082,chg_00154,2.5,수업,evidence,증빙,교무처,교육과정 담당부서,,,c4__2_5__evidence__정보공시:001,true,근거자료 항목 검토 및 준비: 6-가-1. 전체 교원 대비 전임교원 현황
evidence_00083,act_00083,chg_00155,2.5,수업,evidence,산식/기준산정;증빙,교무처,교육과정 담당부서,,비율,c4__2_5__evidence__정보공시:002,true,근거자료 항목 검토 및 준비: 12-나-2. 교원 강의 담당 비율
evidence_00084,act_00084,chg_00157,2.5,수업,evidence,증빙,교무처,교육과정 담당부서,,,c4__2_5__evidence__제출자료_관련규정:002,true,근거자료 항목 검토 및 준비: 전임교원 강의담당 관련 규정
evidence_00085,act_00085,chg_00158,2.5,수업,evidence,증빙,교무처,교육과정 담당부서,,,c4__2_5__evidence__제출자료_관련규정:003,true,근거자료 항목 검토 및 준비: 원격 수업 관련 규정
evidence_00086,act_00086,chg_00173,3.1,교원 확보 및 구성,evidence,증빙,교무처,교원인사 담당부서,,,c4__3_1__evidence__정보공시:001,true,근거자료 항목 검토 및 준비: 6-가. 전체 교원 대비 전임교원 현황
evidence_00087,act_00087,chg_00177,3.1,교원 확보 및 구성,evidence,실적기간;증빙,교무처,교원인사 담당부서,최근 3년;3년 자료,3년,c4__3_1__evidence__현지확인자료:001,true,"근거자료 항목 검토 및 준비: 교원 임용 관련 문서(공고문, 관련 결재 서류, 회의자료 등): 최근 3년 자료"
evidence_00088,act_00088,chg_00178,3.1,교원 확보 및 구성,evidence,실적기간;증빙,교무처,교원인사 담당부서,최근 3년;3년 자료,3년,c4__3_1__evidence__현지확인자료:002,true,"근거자료 항목 검토 및 준비: 교원 임용정책 관련 문서(규정, 공문서 등): 최근 3년 자료"
evidence_00089,act_00089,chg_00179,3.1,교원 확보 및 구성,evidence,실적기간;증빙,교무처,교원인사 담당부서,최근 3년;3년 자료,3년,c4__3_1__evidence__현지확인자료:003,true,"근거자료 항목 검토 및 준비: 교원의 유형별 담당 업무 관련 자료(교육, 연구,수업 운영 등): 최근 3년 자료"
evidence_00090,act_00090,chg_00180,3.1,교원 확보 및 구성,evidence,증빙,교무처,교원인사 담당부서,,,c4__3_1__evidence__현지확인자료:004,true,근거자료 항목 검토 및 준비: 전임교원 정년/비정년 교원 목록 및 관련 증빙
evidence_00091,act_00091,chg_00181,3.1,교원 확보 및 구성,evidence,면담;실적기간;증빙,교무처,교원인사 담당부서,최근 3년,3년,c4__3_1__evidence__현지면담:001,true,"근거자료 항목 검토 및 준비: 최근 3년 이내 임용 교수, 특별임용 교수, 유형별 전임교원, 겸임 및 초빙교원 등"
evidence_00092,act_00092,chg_00185,3.2,교원 인사 및 업적평가,evidence,실적기간;증빙,교무처,교원인사 담당부서,최근 3년;3년 자료,3년,c4__3_2__evidence__현지확인자료:002,true,근거자료 항목 검토 및 준비: 교원업적평가 실시 및 결과 활용 관련 문서: 최근 3년 자료
evidence_00093,act_00093,chg_00194,3.3,교원 처우 및 복지,evidence,실적기간;증빙,교무처,교원인사 담당부서,최근 3년;3년 자료,3년,c4__3_3__evidence__현지확인자료:002,true,근거자료 항목 검토 및 준비: 교원 복지제도 운영 실적: 최근 3년 자료
evidence_00094,act_00094,chg_00200,3.4,교원의 연구활동 및 성과,evidence,증빙,연구처,교무처,,,c4__3_4__evidence__정보공시:001,true,근거자료 항목 검토 및 준비: 7-가. 전임교원의 연구 실적
evidence_00095,act_00095,chg_00201,3.4,교원의 연구활동 및 성과,evidence,증빙,연구처,교무처,,,c4__3_4__evidence__정보공시:002,true,근거자료 항목 검토 및 준비: 12-가. 연구비 수혜 실적
evidence_00096,act_00096,chg_00202,3.4,교원의 연구활동 및 성과,evidence,증빙,연구처,교무처,,,c4__3_4__evidence__제출자료_관련규정:001,true,근거자료 항목 검토 및 준비: 교원의 연구비 지급 관련 규정
evidence_00097,act_00097,chg_00203,3.4,교원의 연구활동 및 성과,evidence,증빙,연구처,교무처,,,c4__3_4__evidence__제출자료_관련규정:002,true,근거자료 항목 검토 및 준비: 연구년제 운영 규정
evidence_00098,act_00098,chg_00204,3.4,교원의 연구활동 및 성과,evidence,증빙,연구처,교무처,,,c4__3_4__evidence__제출자료_관련규정:003,true,근거자료 항목 검토 및 준비: 연구윤리 규정
evidence_00099,act_00099,chg_00205,3.4,교원의 연구활동 및 성과,evidence,실적기간;증빙,연구처,교무처,최근 4년;4년 자료,4년,c4__3_4__evidence__현지확인자료:001,true,근거자료 항목 검토 및 준비: 연구년제 실적 근거 자료: 최근 4년 자료
evidence_00100,act_00100,chg_00206,3.4,교원의 연구활동 및 성과,evidence,실적기간;증빙,연구처,교무처,최근 3년;3년 자료,3년,c4__3_4__evidence__현지확인자료:002,true,"근거자료 항목 검토 및 준비: 연구윤리위원회 구성 및 운영 실적, 연구윤리 교육 이수 실적: 최근 3년 자료"
evidence_00101,act_00101,chg_00207,3.4,교원의 연구활동 및 성과,evidence,면담;증빙,연구처,교무처,,,c4__3_4__evidence__현지면담:001,true,근거자료 항목 검토 및 준비: 연구윤리 담당자
evidence_00102,act_00102,chg_00208,3.4,교원의 연구활동 및 성과,evidence,증빙,연구처,교무처,,,c3__3_4__evidence__제출자료_관련규정:003,true,근거자료 항목 검토 및 준비: 교육지원인력 관련 규정
evidence_00103,act_00103,chg_00209,3.4,교원의 연구활동 및 성과,evidence,실적기간;증빙,연구처,교무처,최근 3년;3년 자료,3년,c3__3_4__evidence__현지확인자료:001,true,근거자료 항목 검토 및 준비: 교원 교육 역량 개발 실적 근거 자료: 최근 3년 자료
evidence_00104,act_00104,chg_00210,3.4,교원의 연구활동 및 성과,evidence,증빙,연구처,교무처,,,c3__3_4__evidence__현지확인자료:003,true,근거자료 항목 검토 및 준비: 학과(전공)별 교육지원인력 현황자료
evidence_00105,act_00105,chg_00211,3.4,교원의 연구활동 및 성과,evidence,증빙,연구처,교무처,,,c3__5_3__evidence__정보공시:002,true,근거자료 항목 검토 및 준비: 12-가. 연구비 수혜 실적
evidence_00106,act_00106,chg_00215,3.5,직원 확보 및 인사,evidence,산식/기준산정;증빙,총무처,직원인사 담당부서,,산출,c4__3_5__evidence__제출자료_첨부:001,true,근거자료 항목 검토 및 준비: 직원 1인당 학생 수 산출 증빙자료
evidence_00107,act_00107,chg_00216,3.5,직원 확보 및 인사,evidence,실적기간;증빙,총무처,직원인사 담당부서,최근 3년;3년 자료,3년,c4__3_5__evidence__현지확인자료:001,true,"근거자료 항목 검토 및 준비: 직원 채용 관련 문서(공고문, 관련 결재 서류, 회의자료 등): 최근 3년 자료"
evidence_00108,act_00108,chg_00219,3.5,직원 확보 및 인사,evidence,실적기간;증빙,총무처,직원인사 담당부서,최근 3년;3년 자료,3년,c4__3_5__evidence__현지확인자료:004,true,근거자료 항목 검토 및 준비: 직원 승진 및 재임용 관련 문서: 최근 3년 자료
evidence_00109,act_00109,chg_00224,3.6,직원 복지 및 업무 역량 개발,evidence,실적기간;증빙,총무처,직원인사 담당부서,최근 3년;3년 자료,3년,c4__3_6__evidence__현지확인자료:002,true,근거자료 항목 검토 및 준비: 직원 복지제도 운영 실적: 최근 3년 자료
evidence_00110,act_00110,chg_00225,3.6,직원 복지 및 업무 역량 개발,evidence,실적기간;증빙,총무처,직원인사 담당부서,최근 3년;3년 자료,3년,c4__3_6__evidence__현지확인자료:003,true,근거자료 항목 검토 및 준비: 직원 업무 역량 개발을 위한 기본계획 및 교내·외 프로그램 운영 실적: 최근 3년 자료
evidence_00111,act_00111,chg_00226,3.6,직원 복지 및 업무 역량 개발,evidence,실적기간;증빙,총무처,직원인사 담당부서,최근 3년;3년 자료,3년,c4__3_6__evidence__현지확인자료:004,true,근거자료 항목 검토 및 준비: 직원 업무 역량 개발을 위한 요구 조사 및 만족도 조사 관련 문서: 최근 3년 자료
evidence_00112,act_00112,chg_00238,4.2,학생 심리상담 및 권익 보호,evidence,증빙,학생상담센터,인권센터;장애학생지원센터,,,c4__4_2__evidence__정보공시:001,true,근거자료 항목 검토 및 준비: 14-카. 장애학생지원체제 구축 및 운영 현황
evidence_00113,act_00113,chg_00239,4.2,학생 심리상담 및 권익 보호,evidence,증빙,학생상담센터,인권센터;장애학생지원센터,,,c4__4_2__evidence__제출자료_관련규정:001,true,근거자료 항목 검토 및 준비: 학생 심리상담 및 지도에 관한 규정
evidence_00114,act_00114,chg_00240,4.2,학생 심리상담 및 권익 보호,evidence,증빙,학생상담센터,인권센터;장애학생지원센터,,,c4__4_2__evidence__제출자료_관련규정:002,true,근거자료 항목 검토 및 준비: 학생 권익 보호 관련 규정(인권센터 관련 규정 포함)
evidence_00115,act_00115,chg_00241,4.2,학생 심리상담 및 권익 보호,evidence,증빙,학생상담센터,인권센터;장애학생지원센터,,,c4__4_2__evidence__제출자료_관련규정:003,true,근거자료 항목 검토 및 준비: 소수집단학생 지원 관련 규정
evidence_00116,act_00116,chg_00242,4.2,학생 심리상담 및 권익 보호,evidence,실적기간;증빙,학생상담센터,인권센터;장애학생지원센터,최근 3년;3년 자료,3년,c4__4_2__evidence__현지확인자료:001,true,근거자료 항목 검토 및 준비: 학생 심리상담 실적에 대한 근거 자료(심리상담 실적자료 구축 및 DB 관리): 최근 3년 자료
evidence_00117,act_00117,chg_00243,4.2,학생 심리상담 및 권익 보호,evidence,실적기간;증빙,학생상담센터,인권센터;장애학생지원센터,최근 3년;3년 자료,3년,c4__4_2__evidence__현지확인자료:002,true,"근거자료 항목 검토 및 준비: 학생 심리상담에 대한 만족도 조사 관련 자료(설문지, 분석 결과, 개선 실적 등): 최근 3년 자료"
evidence_00118,act_00118,chg_00244,4.2,학생 심리상담 및 권익 보호,evidence,증빙,학생상담센터,인권센터;장애학생지원센터,,,c4__4_2__evidence__현지확인자료:003,true,"근거자료 항목 검토 및 준비: 전문상담원 자격 증빙자료: 전문 상담 관련 자격증, 경력, 학위 소지 등"
evidence_00119,act_00119,chg_00245,4.2,학생 심리상담 및 권익 보호,evidence,실적기간;증빙,학생상담센터,인권센터;장애학생지원센터,최근 3년;3년 자료,3년,c4__4_2__evidence__현지확인자료:004,true,근거자료 항목 검토 및 준비: 학생 권익 보호 활동 실적: 최근 3년 자료
evidence_00120,act_00120,chg_00246,4.2,학생 심리상담 및 권익 보호,evidence,증빙,학생상담센터,인권센터;장애학생지원센터,,,c4__4_2__evidence__현지확인자료:005,true,근거자료 항목 검토 및 준비: 장애대학생 지원 시설 현황
evidence_00121,act_00121,chg_00247,4.2,학생 심리상담 및 권익 보호,evidence,증빙,학생상담센터,인권센터;장애학생지원센터,,,c4__4_2__evidence__현지확인자료:006,true,근거자료 항목 검토 및 준비: <장애대학생 교육복지지원 실태 조사> 보고서: 가장 최근
evidence_00122,act_00122,chg_00248,4.2,학생 심리상담 및 권익 보호,evidence,실적기간;증빙,학생상담센터,인권센터;장애학생지원센터,최근 3년;3년 자료,3년,c4__4_2__evidence__현지확인자료:007,true,근거자료 항목 검토 및 준비: 소수집단학생 지원 프로그램 운영 실적: 최근 3년 자료
evidence_00123,act_00123,chg_00249,4.2,학생 심리상담 및 권익 보호,evidence,증빙,학생상담센터,인권센터;장애학생지원센터,,,c4__4_2__evidence__현지확인자료:008,true,근거자료 항목 검토 및 준비: 특별전형 모집 요강
evidence_00124,act_00124,chg_00250,4.2,학생 심리상담 및 권익 보호,evidence,실적기간;증빙,학생상담센터,인권센터;장애학생지원센터,최근 3년;3년 자료,3년,c4__4_2__evidence__현지확인자료:009,true,"근거자료 항목 검토 및 준비: 소수집단학생 대상 만족도 조사 관련 자료(설문지, 분석 결과, 개선 실적 등): 최근 3년 자료"
evidence_00125,act_00125,chg_00251,4.2,학생 심리상담 및 권익 보호,evidence,면담;증빙,학생상담센터,인권센터;장애학생지원센터,,,c4__4_2__evidence__현지면담:001,true,"근거자료 항목 검토 및 준비: 학생상담센터장, 전문상담원"
evidence_00126,act_00126,chg_00252,4.2,학생 심리상담 및 권익 보호,evidence,면담;증빙,학생상담센터,인권센터;장애학생지원센터,,,c4__4_2__evidence__현지면담:002,true,근거자료 항목 검토 및 준비: 학생상담센터 이용 학생
evidence_00127,act_00127,chg_00253,4.2,학생 심리상담 및 권익 보호,evidence,면담;증빙,학생상담센터,인권센터;장애학생지원센터,,,c4__4_2__evidence__현지면담:003,true,"근거자료 항목 검토 및 준비: 인권센터장, 인권센터 인력"
evidence_00128,act_00128,chg_00254,4.2,학생 심리상담 및 권익 보호,evidence,시설방문;증빙,학생상담센터,인권센터;장애학생지원센터,,,c4__4_2__evidence__시설방문:001,true,근거자료 항목 검토 및 준비: 학생상담센터
evidence_00129,act_00129,chg_00255,4.2,학생 심리상담 및 권익 보호,evidence,시설방문;증빙,학생상담센터,인권센터;장애학생지원센터,,,c4__4_2__evidence__시설방문:002,true,근거자료 항목 검토 및 준비: 장애학생지원센터
evidence_00130,act_00130,chg_00256,4.2,학생 심리상담 및 권익 보호,evidence,시설방문;증빙,학생상담센터,인권센터;장애학생지원센터,,,c4__4_2__evidence__시설방문:003,true,근거자료 항목 검토 및 준비: 인권센터
evidence_00131,act_00131,chg_00257,4.3,진로 및 취·창업 지원,evidence,실적기간;증빙,진로·취창업지원센터,,최근 3년;3년 자료,3년,c4__4_3__evidence__현지확인자료:001,true,근거자료 항목 검토 및 준비: 진로 및 취·창업 지원 전문 인력 확보 증빙자료 : 최근 3년 자료
evidence_00132,act_00132,chg_00258,4.3,진로 및 취·창업 지원,evidence,실적기간;증빙,진로·취창업지원센터,,최근 3년;3년 자료,3년,c4__4_3__evidence__현지확인자료:002,true,근거자료 항목 검토 및 준비: 진로 및 취·창업 지원 실적에 대한 근거 자료: 최근 3년 자료
evidence_00133,act_00133,chg_00259,4.3,진로 및 취·창업 지원,evidence,실적기간;증빙,진로·취창업지원센터,,최근 3년;3년 자료,3년,c4__4_3__evidence__현지확인자료:003,true,"근거자료 항목 검토 및 준비: 진로 및 취·창업 지원에 대한 만족도 조사 관련 자료(설문지, 분석 결과 등): 최근 3년 자료"
evidence_00134,act_00134,chg_00260,4.3,진로 및 취·창업 지원,evidence,실적기간;증빙,진로·취창업지원센터,,최근 3년;3년 자료,3년,c4__4_3__evidence__현지확인자료:004,true,"근거자료 항목 검토 및 준비: 진로 및 취·창업 관련 프로그램 운영 관련 자료(참여자(수료자) 현황, 예산 집행, 기타): 최근 3년 자료"
evidence_00135,act_00135,chg_00261,4.3,진로 및 취·창업 지원,evidence,실적기간;증빙,진로·취창업지원센터,,최근 3년;3년 자료,3년,c4__4_3__evidence__현지확인자료:005,true,"근거자료 항목 검토 및 준비: 진로 및 취·창업 관련 교과목이 개설된 것을 입증할 수 있는 편람(표지, 해당 페이지, 강의계획서, 출석부 및 기타 근거 자료),교과과정: 최근 3년 자료"
evidence_00136,act_00136,chg_00262,4.3,진로 및 취·창업 지원,evidence,면담;증빙,진로·취창업지원센터,,,,c4__4_3__evidence__현지면담:001,true,근거자료 항목 검토 및 준비: 취·창업지원센터 센터장 또는 담당자
evidence_00137,act_00137,chg_00263,4.3,진로 및 취·창업 지원,evidence,면담;증빙,진로·취창업지원센터,,,,c4__4_3__evidence__현지면담:002,true,근거자료 항목 검토 및 준비: 취·창업지원센터 이용 학생
evidence_00138,act_00138,chg_00264,4.3,진로 및 취·창업 지원,evidence,시설방문;증빙,진로·취창업지원센터,,,,c4__4_3__evidence__시설방문:001,true,근거자료 항목 검토 및 준비: 취·창업지원센터
evidence_00139,act_00139,chg_00273,4.4,교육 시설,evidence,실적기간;증빙,시설관리팀,교무처,최근 3년;3년 자료,3년,c4__4_4__evidence__현지확인자료:005,true,근거자료 항목 검토 및 준비: 계열별 실험·실습 기자재 구입 근거 자료: 최근 3년 자료(계열별로 구분된 엑셀파일 제출)
evidence_00140,act_00140,chg_00277,4.4,교육 시설,evidence,실적기간;증빙,시설관리팀,교무처,최근 3년;3년 자료,3년,c4__4_4__evidence__현지확인자료:009,true,근거자료 항목 검토 및 준비: 전공 실험·실습·실기·설계 과목 수업 운영비 실적: 최근 3년 자료
evidence_00141,act_00141,chg_00281,4.4,교육 시설,evidence,증빙,시설관리팀,교무처,,,c3__4_4__evidence__정보공시:001,true,근거자료 항목 검토 및 준비: 14-라. 교사(校舍)시설 확보 현황
evidence_00142,act_00142,chg_00289,4.5,기숙사 및 학생 복지시설,evidence,산식/기준산정;증빙,학생처,생활관;시설관리팀,,산출;수용률,c4__4_5__evidence__현지확인자료:004,true,근거자료 항목 검토 및 준비: (기숙사 수용률(%) 택2 작성시) 기숙사 수용률 산출 근거 자료
evidence_00143,act_00143,chg_00293,4.5,기숙사 및 학생 복지시설,evidence,면담;증빙,학생처,생활관;시설관리팀,,,c4__4_5__evidence__현지면담:004,true,근거자료 항목 검토 및 준비: 기숙사
evidence_00144,act_00144,chg_00294,4.5,기숙사 및 학생 복지시설,evidence,면담;증빙,학생처,생활관;시설관리팀,,,c4__4_5__evidence__현지면담:005,true,근거자료 항목 검토 및 준비: 학생 복지시설
evidence_00145,act_00145,chg_00298,4.6,도서관,evidence,실적기간;증빙,도서관,,최근 3년;3년 자료,3년,c4__4_6__evidence__현지확인자료:002,true,근거자료 항목 검토 및 준비: 도서관 직원 현황 및 업무분장표(겸직 여부 포함):최근 3년 자료
evidence_00146,act_00146,chg_00299,4.6,도서관,evidence,실적기간;증빙,도서관,,최근 3년;3년 자료,3년,c4__4_6__evidence__현지확인자료:003,true,근거자료 항목 검토 및 준비: 도서관 사서 자격 증빙자료(관련 자격증 등): 최근 3년 자료
evidence_00147,act_00147,chg_00300,4.6,도서관,evidence,실적기간;증빙,도서관,,최근 3년;3년 자료,3년,c4__4_6__evidence__현지확인자료:004,true,근거자료 항목 검토 및 준비: 도서관 공간 활용 증빙자료: 최근 3년 자료
evidence_00148,act_00148,chg_00301,4.6,도서관,evidence,실적기간;증빙,도서관,,최근 3년;3년 자료,3년,c4__4_6__evidence__현지확인자료:005,true,근거자료 항목 검토 및 준비: 도서관에서 제공하는 교수·학습 지원 교육 활동 목록 및 관련 자료: 최근 3년 자료
evidence_00149,act_00149,chg_00302,4.6,도서관,evidence,실적기간;증빙,도서관,,최근 3년;3년 자료,3년,c4__4_6__evidence__현지확인자료:006,true,"근거자료 항목 검토 및 준비: 도서관 이용자 만족도 조사 결과 및 개선 실적(설문지, 분석 결과, 개선 실적 근거 자료 등): 최근 3년 자료"
evidence_00150,act_00150,chg_00303,4.6,도서관,evidence,증빙,도서관,,,,c4__4_6__evidence__현지확인자료:007,true,"근거자료 항목 검토 및 준비: 《대학도서관 발전계획서》, 《대학도서관 평가결과보고서》"
evidence_00151,act_00151,chg_00306,4.6,도서관,evidence,증빙,도서관,,,,c3__4_6__evidence__현지확인자료:007,true,근거자료 항목 검토 및 준비: 《대학도서관 발전계획서》
evidence_00152,act_00152,chg_00309,1.1,교육목표 및 발전계획,report,실적기간;증빙,기획처,교무처,,,c4__1_1__report__item:3,true,보고서 주요 내용 항목 검토 및 준비: 대학 중장기 발전계획의 수립과정 및 내용
evidence_00153,act_00153,chg_00310,1.1,교육목표 및 발전계획,report,실적기간;증빙,기획처,교무처,최근 3년;3년 자료,3년,c4__1_1__report__item:4,true,보고서 주요 내용 항목 검토 및 준비: 대학 중장기 발전계획의 추진 실적: 최근 3년 자료
evidence_00155,act_00155,chg_00312,1.1,교육목표 및 발전계획,report,실적기간;증빙,기획처,교무처,최근 3년;3년 자료,3년,c3__1_2__report__item:3,true,보고서 주요 내용 항목 검토 및 준비: 대학 장단기 발전계획(특성화계획 포함)의 평가결과와 반영 실적: 최근 3년 자료
evidence_00156,act_00156,chg_00314,1.2,거버넌스와 감사,report,실적기간;증빙,기획처,감사부서,최근 3년;3년 자료,3년,c4__1_2__report__item:2,true,보고서 주요 내용 항목 검토 및 준비: 대학 구성원 참여와 소통을 위한 체계 및 추진과 환류실적: 최근 3년 자료
evidence_00157,act_00157,chg_00317,1.2,거버넌스와 감사,report,실적기간;증빙,기획처,감사부서,최근 3년;3년 자료,3년,c4__1_2__report__item:5,true,보고서 주요 내용 항목 검토 및 준비: 감사 결과 공개 실적: 최근 3년 자료
evidence_00158,act_00158,chg_00318,1.2,거버넌스와 감사,report,실적기간;증빙,기획처,감사부서,최근 3년;3년 자료,3년,c4__1_2__report__item:6,true,보고서 주요 내용 항목 검토 및 준비: 공익제보 절차 및 공익제보자 보호 제도 현황 및 운영 실적: 최근 3년 자료
evidence_00159,act_00159,chg_00319,1.2,거버넌스와 감사,report,실적기간;증빙,기획처,감사부서,최근 3년;3년 자료,3년,c3__1_3__report__item:3,true,보고서 주요 내용 항목 검토 및 준비: 대학 구성원 참여와 소통에 대한 개선 실적: 최근 3년 자료
evidence_00160,act_00160,chg_00321,1.3,재정 확보 및 집행,report,기준값/정량;산식/기준산정;실적기간;증빙,기획처,재무회계팀,최근 3년;3년 자료,3년;0.4%;기준값;비율;평균,c4__1_3__report__item:2,true,"보고서 주요 내용 항목 검토 및 준비: 세입 중 기부금 비율: 최근 3년 자료, 최근 3년간 평균(기준값: 0.4%)"
evidence_00161,act_00161,chg_00322,1.3,재정 확보 및 집행,report,기준값/정량;산식/기준산정;실적기간;증빙,기획처,재무회계팀,최근 3년;3년 자료,3년;평균,c4__1_3__report__item:3,true,"보고서 주요 내용 항목 검토 및 준비: 법인 책무성(사립대학): 최근 3년 자료, 최근 3년간 평균 【양식 1.3-3】, 【양식 1.3-4】, 【양식 1.3-5】 중 택1"
evidence_00162,act_00162,chg_00323,1.3,재정 확보 및 집행,report,기준값/정량;산식/기준산정,기획처,재무회계팀,,0.4%;기준값;비율,c4__1_3__report__item:3.sub:001,true,보고서 주요 내용 항목 검토 및 준비: 세입 중 법인전입금 비율: (법인전입금(원) / 운영수입(원)) * 100(기준값: 0.4%)
evidence_00163,act_00163,chg_00324,1.3,재정 확보 및 집행,report,기준값/정량,기획처,재무회계팀,,10%;기준값,c4__1_3__report__item:3.sub:002,true,보고서 주요 내용 항목 검토 및 준비: 법정부담금 부담률: (법정부담금 부담액(원) / 법정부담금 기준액(원)) * 100(기준값: 10%)
evidence_00164,act_00164,chg_00325,1.3,재정 확보 및 집행,report,기준값/정량;산식/기준산정,기획처,재무회계팀,,10%;기준값;비율,c4__1_3__report__item:3.sub:003,true,보고서 주요 내용 항목 검토 및 준비: 법인 재정규모 대비 법인전입금 비율: (법인전입금(원) / 법인 일반회계 재정규모(원)) * 100(기준값: 10%)
evidence_00166,act_00166,chg_00332,1.4,성과관리체계 구축 및 운영,report,증빙,기획처,성과관리 담당부서,,,c4__1_4__report__item:2,true,"보고서 주요 내용 항목 검토 및 준비: 대학 중장기 발전계획과 연계한 성과평가 실시 현황: 관련 규정, 평가 조직, 평가 주기, 평가 내용 및 범위, 공개 방법 등"
evidence_00167,act_00167,chg_00333,1.4,성과관리체계 구축 및 운영,report,실적기간;증빙,기획처,성과관리 담당부서,최근 3년;3년 자료,3년,c4__1_4__report__item:3,true,보고서 주요 내용 항목 검토 및 준비: 대학 중장기 발전계획과 연계한 성과평가 환류 실적: 최근 3년 자료
evidence_00168,act_00168,chg_00334,1.4,성과관리체계 구축 및 운영,report,증빙,기획처,성과관리 담당부서,,,c4__1_4__report__item:4,true,"보고서 주요 내용 항목 검토 및 준비: 대학 자체평가 실시 현황: 관련 규정, 평가 조직, 평가 주기, 평가 내용 및 범위, 공개 방법 등"
evidence_00169,act_00169,chg_00336,1.4,성과관리체계 구축 및 운영,report,실적기간;증빙,기획처,성과관리 담당부서,최근 3년;3년 자료,3년,c3__5_1__report__item:4,true,"보고서 주요 내용 항목 검토 및 준비: 교육만족도 조사 방법, 내용, 결과, 환류 실적: 최근 3년 자료"
evidence_00170,act_00170,chg_00337,1.5,교육성과,report,기준값/정량;산식/기준산정;실적기간;증빙,기획처,교무처;교육혁신원;취·창업지원부서,최근 3년;3년 자료,3년;85%;기준값;평균,c4__1_5__report__item:1,true,"보고서 주요 내용 항목 검토 및 준비: 학생 충원 성과: 최근 3년 자료, 최근 3년간 평균(기준값: 85%)"
evidence_00171,act_00171,chg_00338,1.5,교육성과,report,기준값/정량;산식/기준산정;실적기간;증빙,기획처,교무처;교육혁신원;취·창업지원부서,최근 3년;3년 자료,3년;55%;기준값;평균,c4__1_5__report__item:2,true,"보고서 주요 내용 항목 검토 및 준비: 졸업생 진로 성과: 최근 3년 자료, 최근 3년간 평균(기준값: 55%)"
evidence_00172,act_00172,chg_00339,1.5,교육성과,report,실적기간;증빙,기획처,교무처;교육혁신원;취·창업지원부서,최근 3년;3년 자료,3년,c4__1_5__report__item:3,true,보고서 주요 내용 항목 검토 및 준비: 학생학습성과 관리 및 운영 실적: 최근 3년 자료
evidence_00173,act_00173,chg_00340,1.5,교육성과,report,실적기간;증빙,기획처,교무처;교육혁신원;취·창업지원부서,최근 3년;3년 자료,3년,c4__1_5__report__item:4,true,"보고서 주요 내용 항목 검토 및 준비: 교육 만족도 조사 방법, 내용, 결과, 환류 실적: 최근 3년 자료"
evidence_00174,act_00174,chg_00341,1.5,교육성과,report,기준값/정량;산식/기준산정;실적기간;증빙,기획처,교무처;교육혁신원;취·창업지원부서,최근 3년;3년 자료,3년;95%;기준값;평균;충원율,c3__5_2__report__item:1,true,"보고서 주요 내용 항목 검토 및 준비: 정원내 신입생 충원율: 최근 3년 자료, 최근 3년간 평균(기준값: 95%)"
evidence_00175,act_00175,chg_00342,1.5,교육성과,report,산식/기준산정;실적기간;증빙,기획처,교무처;교육혁신원;취·창업지원부서,최근 3년;3년 자료,3년;충원율,c3__5_2__report__item:3,true,보고서 주요 내용 항목 검토 및 준비: 정원내 신입생 및 재학생 충원율 제고를 위한 노력: 최근 3년 자료
evidence_00177,act_00177,chg_00344,1.5,교육성과,report,실적기간;증빙,기획처,교무처;교육혁신원;취·창업지원부서,최근 3년;3년 자료,3년,c3__5_4__report__item:3,true,보고서 주요 내용 항목 검토 및 준비: 취·창업지원 프로그램 운영 및 예산 편성·집행 현황: 최근 3년 자료
evidence_00178,act_00178,chg_00346,1.6,사회공헌 및 지역사회 연계·협력,report,산식/기준산정;실적기간;증빙,사회공헌 담당부서,지역협력부서;산학협력단,최근 3년;3년 자료,3년;평균,c4__1_6__report__item:2,true,"보고서 주요 내용 항목 검토 및 준비: 사회봉사 프로그램(교과목 포함) 운영 실적: 최근 3년 자료, 최근 3년간 평균"
evidence_00179,act_00179,chg_00347,1.6,사회공헌 및 지역사회 연계·협력,report,실적기간;증빙,사회공헌 담당부서,지역협력부서;산학협력단,최근 3년;3년 자료,3년,c4__1_6__report__item:3,true,보고서 주요 내용 항목 검토 및 준비: 대학의 사회공헌 활동 계획: 최근 3년 자료
evidence_00180,act_00180,chg_00348,1.6,사회공헌 및 지역사회 연계·협력,report,실적기간;증빙,사회공헌 담당부서,지역협력부서;산학협력단,최근 3년;3년 자료,3년,c4__1_6__report__item:4,true,"보고서 주요 내용 항목 검토 및 준비: 지역사회(지역대학, 해외기관 등 포함)와의 연계·협력과 인적·물적 자원 공유 추진 체계 및 공유 실적(교육, 연구, 산학협력의 성과): 최근 3년 자료"
evidence_00181,act_00181,chg_00349,1.6,사회공헌 및 지역사회 연계·협력,report,실적기간;증빙,사회공헌 담당부서,지역협력부서;산학협력단,최근 3년;3년 자료,3년,c3__5_5__report__item:2,true,보고서 주요 내용 항목 검토 및 준비: 사회봉사 관련 교과목 및 담당교수 현황(정보공시 지침 참조): 최근 3년 자료
evidence_00182,act_00182,chg_00350,1.6,사회공헌 및 지역사회 연계·협력,report,실적기간;증빙,사회공헌 담당부서,지역협력부서;산학협력단,최근 3년;3년 자료,3년,c3__5_5__report__item:4,true,보고서 주요 내용 항목 검토 및 준비: 사회봉사에 대한 행·재정 지원 실적: 최근 3년 자료
evidence_00183,act_00183,chg_00351,1.6,사회공헌 및 지역사회 연계·협력,report,실적기간;증빙,사회공헌 담당부서,지역협력부서;산학협력단,최근 3년;3년 자료,3년,c3__5_6__report__item:2,true,보고서 주요 내용 항목 검토 및 준비: 지역사회와의 연계·협력 추진 체계 및 실적: 최근 3년 자료
evidence_00185,act_00185,chg_00353,1.6,사회공헌 및 지역사회 연계·협력,report,실적기간;증빙,사회공헌 담당부서,지역협력부서;산학협력단,최근 3년;3년 자료,3년,c3__5_6__report__item:4,true,"보고서 주요 내용 항목 검토 및 준비: 교육, 연구, 산학협력 성과의 지역사회 공유 실적: 최근 3년 자료"
evidence_00187,act_00187,chg_00366,2.3,전공교육과정,report,실적기간;증빙,교무처,교육과정 담당부서,최근 3년;3년 자료,3년,c4__2_3__report__item:5,true,"보고서 주요 내용 항목 검토 및 준비: 부·복수·다전공·기타 전공(융합, 연계, 자율전공 등)과 소단위 전공 제도 운영 현황 및 이수 실적: 최근 3년 자료"
evidence_00188,act_00188,chg_00368,2.4,학사관리,report,실적기간;증빙,교무처,교육과정 담당부서,최근 3년;3년 자료,3년,c4__2_4__report__item:2,true,보고서 주요 내용 항목 검토 및 준비: 학사운영 현황: 최근 3년 자료
evidence_00189,act_00189,chg_00369,2.4,학사관리,report,실적기간;증빙,교무처,교육과정 담당부서,최근 3년;3년 자료,3년,c4__2_4__report__item:3,true,보고서 주요 내용 항목 검토 및 준비: 성적관리 체계: 최근 3년 자료
evidence_00190,act_00190,chg_00372,2.5,수업,report,실적기간;증빙,교무처,교육과정 담당부서,최근 3년;3년 자료,3년,c4__2_5__report__item:3,true,보고서 주요 내용 항목 검토 및 준비: 원격수업 운영 현황: 최근 3년 자료
evidence_00191,act_00191,chg_00377,2.6,교수-학습 지원,report,실적기간;증빙,교수학습지원센터,,최근 3년;3년 자료,3년,c4__2_6__report__item:3,true,"보고서 주요 내용 항목 검토 및 준비: 예산 편성 및 집행 현황(교수지원, 학습지원, 교육매체지원 영역별): 최근 3년 자료"
evidence_00192,act_00192,chg_00380,3.1,교원 확보 및 구성,report,기준값/정량;산식/기준산정;실적기간;증빙,교무처,교원인사 담당부서,최근 3년;3년 자료,3년;64%;기준값;평균;확보율,c4__3_1__report__item:1,true,"보고서 주요 내용 항목 검토 및 준비: 전임교원 및 겸임교원 확보율: 최근 3년 자료, 최근 3년간 평균(기준값: 64%)"
evidence_00195,act_00195,chg_00385,3.2,교원 인사 및 업적평가,report,실적기간;증빙,교무처,교원인사 담당부서,,,c4__3_2__report__item:1,true,"보고서 주요 내용 항목 검토 및 준비: 교원 인사제도(승진, 재임용, 정년보장임용) 운영 현황"
evidence_00196,act_00196,chg_00388,3.3,교원 처우 및 복지,report,기준값/정량;산식/기준산정;실적기간;증빙,교무처,교원인사 담당부서,최근 3년;3년 자료;2025년;2026년;2027년,3년;2025년;100원;2026년;200원;2027년;기준값,c4__3_3__report__item:1,true,"보고서 주요 내용 항목 검토 및 준비: 강사 강의료(대학원 제외): 최근 3년 자료(기준값: 2025년: 53,100원, 2026년: 54,200원, 2027년: 미정)"
evidence_00198,act_00198,chg_00391,3.4,교원의 연구활동 및 성과,report,기준값/정량;산식/기준산정;실적기간;증빙,연구처,교무처,최근 3년;3년 자료,3년;000천원;기준값;평균,c4__3_4__report__item:1,true,"보고서 주요 내용 항목 검토 및 준비: 전임교원 1인당 교내연구비: 최근 3년 자료, 최근 3년간 평균(기준값: 1,000천원)"
evidence_00199,act_00199,chg_00392,3.4,교원의 연구활동 및 성과,report,실적기간;증빙,연구처,교무처,최근 3년;3년 자료,3년,c4__3_4__report__item:2,true,"보고서 주요 내용 항목 검토 및 준비: 교원의 연구 발표, 학회참여 등과 관련된 행·재정적 지원 실적: 최근 3년 자료"
evidence_00200,act_00200,chg_00393,3.4,교원의 연구활동 및 성과,report,실적기간;증빙,연구처,교무처,최근 4년;4년 자료,4년,c4__3_4__report__item:3,true,보고서 주요 내용 항목 검토 및 준비: 연구년제 실시 현황: 최근 4년 자료
evidence_00201,act_00201,chg_00394,3.4,교원의 연구활동 및 성과,report,기준값/정량;산식/기준산정;실적기간;증빙,연구처,교무처,최근 3년;3년 자료,3년;0.35건;기준값;평균,c4__3_4__report__item:4,true,"보고서 주요 내용 항목 검토 및 준비: 전임교원 1인당 등재(후보)지 논문 실적: 최근 3년 자료, 최근 3년간 평균(기준값: 0.35건)"
evidence_00202,act_00202,chg_00395,3.4,교원의 연구활동 및 성과,report,기준값/정량;산식/기준산정;실적기간;증빙,연구처,교무처,최근 3년;3년 자료,3년;0.05건;기준값;평균,c4__3_4__report__item:5,true,"보고서 주요 내용 항목 검토 및 준비: 전임교원 1인당 SCI급 논문 실적: 최근 3년 자료, 최근 3년간 평균(기준값: 0.05건)"
evidence_00203,act_00203,chg_00396,3.4,교원의 연구활동 및 성과,report,기준값/정량;산식/기준산정;실적기간;증빙,연구처,교무처,최근 3년;3년 자료,3년;0.06건;기준값;평균,c4__3_4__report__item:6,true,"보고서 주요 내용 항목 검토 및 준비: 전임교원 1인당 저역서 실적: 최근 3년 자료, 최근 3년간 평균(기준값: 0.06건)"
evidence_00204,act_00204,chg_00397,3.4,교원의 연구활동 및 성과,report,기준값/정량;산식/기준산정;실적기간;증빙,연구처,교무처,최근 3년;3년 자료,3년;000천원;기준값;평균,c4__3_4__report__item:7,true,"보고서 주요 내용 항목 검토 및 준비: 전임교원 1인당 교외연구비: 최근 3년 자료, 최근 3년간 평균(기준값: 10,000천원)"
evidence_00205,act_00205,chg_00398,3.4,교원의 연구활동 및 성과,report,기준값/정량,연구처,교무처,,기준값,c4__3_4__report__item:8,true,보고서 주요 내용 항목 검토 및 준비: 기준값 대비 실적의 합(기준값: 4)
evidence_00206,act_00206,chg_00399,3.4,교원의 연구활동 및 성과,report,실적기간;증빙,연구처,교무처,최근 3년;3년 자료,3년,c4__3_4__report__item:9,true,보고서 주요 내용 항목 검토 및 준비: 연구윤리 확립 체계 및 실적: 최근 3년 자료
evidence_00207,act_00207,chg_00400,3.4,교원의 연구활동 및 성과,report,실적기간;증빙,연구처,교무처,최근 3년;3년 자료,3년,c3__3_4__report__item:3,true,보고서 주요 내용 항목 검토 및 준비: 교원의 교육 역량 개발을 위한 내부 프로그램 및 교내·외 연수 참여 실적: 최근 3년 자료
evidence_00210,act_00210,chg_00406,3.5,직원 확보 및 인사,report,실적기간;증빙,총무처,직원인사 담당부서,최근 3년;3년 자료,3년,c4__3_5__report__item:5,true,"보고서 주요 내용 항목 검토 및 준비: 직원 인사제도(승진, 재임용) 운영 현황: 최근 3년 자료"
evidence_00212,act_00212,chg_00409,3.6,직원 복지 및 업무 역량 개발,report,실적기간;증빙,총무처,직원인사 담당부서,최근 3년;3년 자료,3년,c4__3_6__report__item:3,true,보고서 주요 내용 항목 검토 및 준비: 직원 복지제도 운영 실적 및 예산 집행 현황: 최근 3년 자료
evidence_00213,act_00213,chg_00410,3.6,직원 복지 및 업무 역량 개발,report,실적기간;증빙,총무처,직원인사 담당부서,최근 3년;3년 자료,3년,c4__3_6__report__item:4,true,보고서 주요 내용 항목 검토 및 준비: 직원 업무 역량 개발 기본계획 및 행·재정적 지원 현황(교내ᆞ외 프로그램 운영 실적 포함): 최근 3년 자료
evidence_00214,act_00214,chg_00411,3.6,직원 복지 및 업무 역량 개발,report,실적기간;증빙,총무처,직원인사 담당부서,최근 3년;3년 자료,3년,c4__3_6__report__item:5,true,보고서 주요 내용 항목 검토 및 준비: 직원 업무 역량 개발을 위한 요구 조사 및 만족도 조사 결과 활용 실적: 최근 3년 자료
evidence_00217,act_00217,chg_00419,4.2,학생 심리상담 및 권익 보호,report,실적기간;증빙,학생상담센터,인권센터;장애학생지원센터,최근 3년;3년 자료,3년,c4__4_2__report__item:1.sub:002,true,보고서 주요 내용 항목 검토 및 준비: 연도별 예산 확보 및 집행 실적: 최근 3년 자료
evidence_00219,act_00219,chg_00421,4.2,학생 심리상담 및 권익 보호,report,실적기간;증빙,학생상담센터,인권센터;장애학생지원센터,최근 3년;3년 자료,3년,c4__4_2__report__item:2.sub:001,true,보고서 주요 내용 항목 검토 및 준비: 학생 심리상담 프로그램의 종류와 실적: 최근 3년 자료
evidence_00220,act_00220,chg_00422,4.2,학생 심리상담 및 권익 보호,report,실적기간;증빙,학생상담센터,인권센터;장애학생지원센터,최근 3년;3년 자료,3년,c4__4_2__report__item:3,true,보고서 주요 내용 항목 검토 및 준비: 학생 심리상담 만족도 조사 결과 및 개선 실적: 최근 3년 자료
evidence_00221,act_00221,chg_00423,4.2,학생 심리상담 및 권익 보호,report,증빙,학생상담센터,인권센터;장애학생지원센터,,,c4__4_2__report__item:4,true,보고서 주요 내용 항목 검토 및 준비: 학생 권익 보호를 위한 규정 및 체계
evidence_00222,act_00222,chg_00424,4.2,학생 심리상담 및 권익 보호,report,증빙,학생상담센터,인권센터;장애학생지원센터,,,c4__4_2__report__item:4.sub:001,true,"보고서 주요 내용 항목 검토 및 준비: 인권센터 규정, 인력 및 시설 포함"
evidence_00223,act_00223,chg_00425,4.2,학생 심리상담 및 권익 보호,report,실적기간;증빙,학생상담센터,인권센터;장애학생지원센터,최근 3년;3년 자료,3년,c4__4_2__report__item:5,true,보고서 주요 내용 항목 검토 및 준비: 학생 권익 보호 활동 실적: 최근 3년 자료
evidence_00225,act_00225,chg_00427,4.2,학생 심리상담 및 권익 보호,report,실적기간;증빙,학생상담센터,인권센터;장애학생지원센터,최근 3년;3년 자료,3년,c4__4_2__report__item:7,true,보고서 주요 내용 항목 검토 및 준비: 소수집단학생 현황: 최근 3년 자료
evidence_00226,act_00226,chg_00428,4.2,학생 심리상담 및 권익 보호,report,증빙,학생상담센터,인권센터;장애학생지원센터,,,c4__4_2__report__item:8,true,보고서 주요 내용 항목 검토 및 준비: 소수집단학생 지원 규정 및 체계
evidence_00227,act_00227,chg_00429,4.2,학생 심리상담 및 권익 보호,report,실적기간;증빙,학생상담센터,인권센터;장애학생지원센터,최근 3년;3년 자료,3년,c4__4_2__report__item:9,true,보고서 주요 내용 항목 검토 및 준비: 소수집단학생 지원 예산 규모 및 집행 실적: 최근 3년 자료
evidence_00228,act_00228,chg_00430,4.2,학생 심리상담 및 권익 보호,report,실적기간;증빙,학생상담센터,인권센터;장애학생지원센터,최근 3년;3년 자료,3년,c4__4_2__report__item:10,true,보고서 주요 내용 항목 검토 및 준비: 소수집단학생 지원 시설 및 프로그램 운영 실적: 최근 3년 자료
evidence_00234,act_00234,chg_00436,4.2,학생 심리상담 및 권익 보호,report,실적기간;증빙,학생상담센터,인권센터;장애학생지원센터,최근 3년;3년 자료,3년,c4__4_2__report__item:11,true,보고서 주요 내용 항목 검토 및 준비: 소수집단학생 대상 만족도 조사 결과 및 개선 실적: 최근 3년 자료
evidence_00236,act_00236,chg_00438,4.3,진로 및 취·창업 지원,report,실적기간;증빙,진로·취창업지원센터,,최근 3년;3년 자료,3년,c4__4_3__report__item:2,true,보고서 주요 내용 항목 검토 및 준비: 진로 및 취·창업 지원 프로그램 운영 및 예산 편성·집행 현황: 최근 3년 자료
evidence_00237,act_00237,chg_00439,4.3,진로 및 취·창업 지원,report,실적기간;증빙,진로·취창업지원센터,,최근 3년;3년 자료,3년,c4__4_3__report__item:3,true,보고서 주요 내용 항목 검토 및 준비: 진로 및 취·창업 지원에 대한 만족도 조사 결과와 개선 실적: 최근 3년 자료
evidence_00239,act_00239,chg_00441,4.3,진로 및 취·창업 지원,report,실적기간;증빙,진로·취창업지원센터,,최근 3년;3년 자료,3년,c3__4_2__report__item:2.sub:001__variant_154cf663e5,true,보고서 주요 내용 항목 검토 및 준비: 학생상담 프로그램의 종류 중 진로 상담 실적: 최근 3년 자료
evidence_00240,act_00240,chg_00442,4.3,진로 및 취·창업 지원,report,기준값/정량;산식/기준산정;실적기간;증빙,진로·취창업지원센터,,최근 3년;3년 자료,3년;50%;기준값;평균,c3__5_4__report__item:1,true,"보고서 주요 내용 항목 검토 및 준비: 졸업생의 취업률: 최근 3년 자료, 최근 3년간 평균(기준값: 50%)"
evidence_00241,act_00241,chg_00448,4.4,교육 시설,report,기준값/정량;산식/기준산정,시설관리팀,교무처,,15%;기준값;평균,c4__4_4__report__item:3.sub:001,true,보고서 주요 내용 항목 검토 및 준비: 재학생 1인당 실험·실습 기자재 구입비(천원)(기준값: 해당 대학교 자연과학계열 평균 등록금과 인문사회계열 평균 등록금 차액의 15%(A)와 전국 대학교 자연과학계열 평균 등록금과 인문사회계열 평균 등록금 차액의 15%(B) 중 적은 금액)
evidence_00242,act_00242,chg_00449,4.4,교육 시설,report,산식/기준산정;실적기간;증빙,시설관리팀,교무처,최근 3년;3년 자료,3년;평균,c4__4_4__report__item:4,true,"보고서 주요 내용 항목 검토 및 준비: 전공 실험·실습·실기·설계 과목 수업 운영비: 최근 3년 자료, 최근 3년간 평균"
evidence_00243,act_00243,chg_00452,4.4,교육 시설,report,기준값/정량;산식/기준산정,시설관리팀,교무처,,100%;기준값;확보율,c3__4_4__report__item:1,true,보고서 주요 내용 항목 검토 및 준비: 교사 확보율(기준값: 100%)
evidence_00244,act_00244,chg_00454,4.5,기숙사 및 학생 복지시설,report,기준값/정량;산식/기준산정,학생처,생활관;시설관리팀,,11%;기준값;수용률,c4__4_5__report__item:1.sub:001,true,"보고서 주요 내용 항목 검토 및 준비: 기숙사 수용률(%) (택 1): 1 (수용 가능 인원(명) / (학부(주간+야간) + 대학원(주간)) 재학생수(명)) * 100 단, 계약학과 재학생, 특성화고 졸업 재직자 특별전형 재학생은 제외(기준값: 11%), 2 (내국인 입사 인원 / 내국인 재학생수) * 100 단, 계약학과 재학생, 특성화고 졸업 재직자 특별전형 재학생은 제외(기준값: 11%)"
evidence_00245,act_00245,chg_00461,4.6,도서관,report,실적기간;증빙,도서관,,최근 3년;3년 자료,3년,c4__4_6__report__item:4,true,"보고서 주요 내용 항목 검토 및 준비: 도서관에서 제공하는 교수·학습 지원, 문화 프로그램 운영 실적: 최근 3년 자료"
evidence_00246,act_00246,chg_00462,4.6,도서관,report,실적기간;증빙,도서관,,최근 3년;3년 자료,3년,c4__4_6__report__item:5,true,보고서 주요 내용 항목 검토 및 준비: 도서관 이용자 만족도 조사 결과 및 개선 실적: 최근 3년 자료
evidence_00250,act_00250,chg_00467,1.1,교육목표 및 발전계획,notes,실적기간;증빙,기획처,교무처,평가 시점,,c4__1_1__notes__item:5,true,"유의사항 및 관련 정책 항목 검토 및 준비: 평가 시점에 해당하는 발전계획 실적을 제시해야 함. 다만, 평가 자료 실적 기간 내에 해당 계획이 변경된 경우에는, 변경 전후 계획서를 모두 제출하고 자료 시점에 해당되는 계획 대비 실적을 제시해야 함"
evidence_00251,act_00251,chg_00468,1.1,교육목표 및 발전계획,notes,증빙,기획처,교무처,,,c4__1_1__notes__item:6,true,"유의사항 및 관련 정책 항목 검토 및 준비: 대학은 발전계획 수립에 대한 자료를 제시하되, 수립 과정에서 외부 컨설팅을 받은 경우에는 외부 전문가 의견을 수용하여 자체적으로 수립한 발전계획 자료를 제시해야 함"
evidence_00257,act_00257,chg_00475,1.2,거버넌스와 감사,notes,증빙,기획처,감사부서,,,c4__1_2__notes__item:5,true,"유의사항 및 관련 정책 항목 검토 및 준비: 모든 감사 결과를 대외에 공개하는 것은 아니므로, 감사의 성격(회계감사, 업무감사, 외부감사 등)과 관련 규정에 따라 대내·외 공개범위를 고려함"
evidence_00258,act_00258,chg_00476,1.2,거버넌스와 감사,notes,증빙,기획처,감사부서,,,c4__1_2__notes__item:6,true,"유의사항 및 관련 정책 항목 검토 및 준비: '공익제보 절차 및 공익제보자 보호 관련 규정'은 대학의 규정 제·개정 절차에 따라 구축하고, 대학 내부 구성원 전체에게 공개되어야 함"
evidence_00259,act_00259,chg_00483,1.3,재정 확보 및 집행,notes,산식/기준산정,기획처,재무회계팀,,비율,c4__1_3__notes__item:7,true,"유의사항 및 관련 정책 항목 검토 및 준비: 국공립대학은 등록금 비율과 기부금비율, 사립대학은 등록금 비율과 법인 책무성이 기본지표이며, 사립대학의 기부금 비율은 재정 확보의 다양성을 판단하기 위한 보완 지표임"
evidence_00260,act_00260,chg_00484,1.3,재정 확보 및 집행,notes,산식/기준산정,기획처,재무회계팀,,비율,c3__1_4__notes__item:7,true,"유의사항 및 관련 정책 항목 검토 및 준비: 등록금 비율은 재정 확보의 안정성을 판단하기 위한 기본 지표이고, 기부금 비율, 법인전입금 비율은 보완 지표임"
evidence_00262,act_00262,chg_00486,1.4,성과관리체계 구축 및 운영,notes,실적기간;증빙,기획처,성과관리 담당부서,평가 시점,,c4__1_4__notes__item:2,true,"유의사항 및 관련 정책 항목 검토 및 준비: 중장기 발전계획과 연계한 성과평가 자료는 평가 시점의 발전계획에 대한 성과평가를 실시한 내용을 제시해야 함. 다만, 자료실적기간 내에 발전계획이 변경된 경우에는 변경 전·후(As-Is vs To-Be)의 발전계획서와 해당 성과평가 자료를 모두 제출해야 함"
evidence_00267,act_00267,chg_00491,1.5,교육성과,notes,산식/기준산정,기획처,교무처;교육혁신원;취·창업지원부서,,산출,c4__1_5__notes__item:1,true,"유의사항 및 관련 정책 항목 검토 및 준비: 졸업생 진로 성과는 취업자, 창업자, 진학자 수를 합산하여 산출함"
evidence_00271,act_00271,chg_00495,1.5,교육성과,notes,산식/기준산정,기획처,교무처;교육혁신원;취·창업지원부서,,충원율,c3__5_2__notes__item:1,true,유의사항 및 관련 정책 항목 검토 및 준비: 정원내 신입생 및 재학생 충원율 제고를 위한 노력은 학생을 선발하는 것을 포함하여 학생유지를 위한 전반적인 노력을 의미함
evidence_00272,act_00272,chg_00496,1.5,교육성과,notes,기준값/정량;산식/기준산정,기획처,교무처;교육혁신원;취·창업지원부서,,50%;25%;기준값;비율,c3__5_4__notes__item:1,true,유의사항 및 관련 정책 항목 검토 및 준비: 졸업생의 취업률에서 종교관련 및 예체능계열 학생 비율이 50% 이상인 대학의 기준값은 25%로 함
evidence_00283,act_00283,chg_00508,1.6,사회공헌 및 지역사회 연계·협력,notes,기준값/정량;산식/기준산정,사회공헌 담당부서,지역협력부서;산학협력단,,50%;000명;20%;비율,c4__1_6__notes__item:5.sub:005,true,"유의사항 및 관련 정책 항목 검토 및 준비: 산학협력 실적은 대학의 특성(설립이념, 규모 등)을 반영하여 평가함. * 재학생 기준 또는 입학정원 기준 중 종교 관련 학과의 학생수가 50% 이상인 대학, 재학생 기준 또는 입학정원 기준 중 예술계열 학과의 학생수가 50% 이상인 대학, 재학생 1,000명 미만 소규모 대학, 자연과학(자연과학+공학+의학) 교수 비율 20% 미만 대학은 산학협력 성과 공유 실적이 필수 기재 사항은 아님"
evidence_00287,act_00287,chg_00512,2.1,교육과정 체계,notes,증빙,교무처,교육과정 담당부서,,,c4__2_1__notes__item:1,true,"유의사항 및 관련 정책 항목 검토 및 준비: 교육과정은 교육목표와 인재상 실현을 위해 대학의 교양교육과정과 전공교육과정 관련 규정 및 지침 등에 근거하여 대학 차원에서 제공하는 학점을 부여하는 교과과정을 의미하며, 학점을 부여하는 교과목으로 구성되는 교과과정의 내실있는 운영을 중심으로 평가함. 학점을 부여하지 않는 학습, 심리상담, 진로, 취·창업 등의 학생 활동에 도움을 주는 '지원 프로그램'은 교육과정 체계에서는 다루지 않음"
evidence_00288,act_00288,chg_00513,2.1,교육과정 체계,notes,산식/기준산정,교무처,교육과정 담당부서,,비율,c4__2_1__notes__item:2,true,"유의사항 및 관련 정책 항목 검토 및 준비: 졸업 이수 학점, 교양, 전공 학점 비율 등은 학교나 학과의 특성을 반영하여 평가함(예: 공학교육인증 등의 프로그램 인증, 사범계열, 보건계열 등의 자격증 취득 등 특수 상황 감안)"
evidence_00289,act_00289,chg_00514,2.1,교육과정 체계,notes,기준값/정량;산식/기준산정;증빙,교무처,교육과정 담당부서,,30%;10%;비율,c4__2_1__notes__item:3,true,"유의사항 및 관련 정책 항목 검토 및 준비: 졸업 이수 학점 중 교양 학점 비율에서 정부시책 변화, 글로컬대학30, 지역혁신중심대학지원체계(RISE), 프로그램 인증(공학교육인증, 간호교육인증 등) 등으로 권장 기준(30%±10%) 적용이 어려울 경우, 학칙이나 규정에 근거한 예외적 사항을 반영하여 평가함"
evidence_00293,act_00293,chg_00518,2.1,교육과정 체계,notes,증빙,교무처,교육과정 담당부서,,,c4__2_1__notes__item:7,true,"유의사항 및 관련 정책 항목 검토 및 준비: 교양 및 전공교육과정 개편 실적 자료는 교육과정 평가결과에 기반한 개선 실적 요약표, 신구대조표(교양은 전체, 전공은 계열별 대표사례 선정), 신규 개설·폐지 목록(변경·폐지 사유 포함) 등을 반영하여 평가함"
evidence_00294,act_00294,chg_00519,2.1,교육과정 체계,notes,증빙,교무처,교육과정 담당부서,,,c3__2_1__notes__item:1,true,"유의사항 및 관련 정책 항목 검토 및 준비: 교육과정은 교과과정과 비교과과정으로 구분하며, 이 중 교과과정은 학점을 부여하는 교과목을 의미하고, 비교과과정은 학점을 부여하지는 않지만 교양 또는 전공 교육과정에서 교육목표와 인재상 실현을 위해 대학의 교육과정 관련 규정 및 지침 등에 근거하여 대학 차원에서 제공하는 교육적 경험을 의미함"
evidence_00295,act_00295,chg_00520,2.1,교육과정 체계,notes,증빙,교무처,교육과정 담당부서,,,c3__2_1__notes__item:2,true,"유의사항 및 관련 정책 항목 검토 및 준비: 교양교육과정의 비교과과정(예: 공인영어성적, 한자인증, 봉사활동 등)과 전공교육과정의 비교과과정(예: 답사, 현장 견학, 공인영어성적, 봉사활동, 졸업논문, 졸업과제 등)은 각 대학별로 해당사항이 있는 경우에만 기술하고, 없을 경우에는 기술하지 않아도 됨(교양교육과 전공교육은 교과과정만으로도 이루어질 수 있도록 하고, 비교과과정은 특별히 필요한 경우에만 규정 또는 제공하는 것을 권장함)"
evidence_00300,act_00300,chg_00525,2.2,교양교육과정,notes,산식/기준산정,교무처,교육과정 담당부서,,비율,c4__2_2__notes__item:2,true,"유의사항 및 관련 정책 항목 검토 및 준비: 교양필수와 교양선택의 비율, 교양과목의 편성 대비 개설 비율, 교양선택의 폭 등은 학교나 학과의 특성을 반영하여 학생의 교양 교과목 선택권을 보장하고 있는지 여부를 평가함(예: 공학교육인증 등의 각종 프로그램 인증, 사범계열, 보건계열 등의 자격 취득 등 특수 상황 감안). 다만, 교양 선택필수의 경우에 영역별로 다양한 교과목을 개설하여 학생의 선택권을 보장하고, 영역별 균형있는 이수를 고려한 경우는 교양선택의 비율로 고려할 수 있음"
evidence_00303,act_00303,chg_00528,2.2,교양교육과정,notes,산식/기준산정,교무처,교육과정 담당부서,,비율,c3__2_2__notes__item:1,true,유의사항 및 관련 정책 항목 검토 및 준비: 교양필수와 교양선택의 비율은 학교나 학과의 특성을 반영하여 평가함(예: 공학교육인증 및 각종 프로그램 인증 등 특수 상황 감안)
evidence_00304,act_00304,chg_00529,2.2,교양교육과정,notes,기준값/정량;산식/기준산정;증빙,교무처,교육과정 담당부서,,100명;1명;산출;비율,c3__2_2__notes__item:3,true,"유의사항 및 관련 정책 항목 검토 및 준비: 대규모 강좌 비율 산출 시 수업 튜터(최소 100명당 1명)가 있는 온라인강좌는 제외하며, 근거 자료로 온라인강좌 관련 규정 및 운영 현황(강좌 목록, 수강학생 수, 튜터 지원 인원 등)을 확인함"
evidence_00305,act_00305,chg_00530,2.2,교양교육과정,notes,산식/기준산정,교무처,교육과정 담당부서,,비율;평균,c3__2_2__notes__item:4,true,유의사항 및 관련 정책 항목 검토 및 준비: 교양과목의 질적 수준을 점검하기 위하여 전임교원의 교양과목 강좌담당 비율 및 평균 강의 시수를 확인함
evidence_00306,act_00306,chg_00531,2.2,교양교육과정,notes,증빙,교무처,교육과정 담당부서,,,c3__2_2__notes__item:5,true,"유의사항 및 관련 정책 항목 검토 및 준비: 교양교육과정의 비교과과정(예: 공인영어성적, 한자인증, 봉사활동 등)은 각 대학별로 해당사항이 있는 경우에만 기술하고, 없을 경우에는 기술하지 않아도 됨(교양교육은 교과과정을 통해 대부분 이루어지도록 하고, 비교과과정은 특별히 필요한 경우에만 규정하는 것을 권장함). 단, 학점을 부여하지 않고 학습, 심리상담, 진로, 취·창업 등을 지원하는 프로그램은 비교과교육이지만, 교육과정에는 포함되지 않으므로 이후의 해당 준거에서 기술하도록 함. 참고로 학습지원프로그램은 2.6(교수-학습 지원), 심리상담 및 진로 지원 프로그램은 4.2(학생 심리 및 진로 상담), 취·창업 지원 프로그램은 5.4(취·창업지원 성과)에서 가각 기술함"
evidence_00311,act_00311,chg_00536,2.3,전공교육과정,notes,산식/기준산정,교무처,교육과정 담당부서,,비율,c4__2_3__notes__item:3,true,"유의사항 및 관련 정책 항목 검토 및 준비: 전공필수와 전공선택의 비율은 학부·학과(전공)의 특성을 반영하여 학생의 전공 교과목 선택권을 보장하고 있는지 여부를 평가함(단, 공학교육인증 등의 각종 프로그램 인증, 사범계열, 보건계열 등의 자격증 취득 등 특수 상황 감안)"
evidence_00313,act_00313,chg_00538,2.3,전공교육과정,notes,산식/기준산정,교무처,교육과정 담당부서,,비율,c4__2_3__notes__item:5,true,"유의사항 및 관련 정책 항목 검토 및 준비: 부·복수·다전공·기타 전공(융합, 연계, 자율전공 등)의 이수 권장 비율은 확인하지만 대학의 특성을 반영하며, 전공 등 교육 내용을 소단위로 세분화하여 운영하는 마이크로디그리·나노디그리 등의 실적을 정성적으로 감안하여 평가함"
evidence_00316,act_00316,chg_00541,2.3,전공교육과정,notes,산식/기준산정,교무처,교육과정 담당부서,,비율,c3__2_3__notes__item:1,true,유의사항 및 관련 정책 항목 검토 및 준비: 전공필수와 전공선택의 비율은 학부·학과(전공)의 특성을 반영하여 평가함
evidence_00317,act_00317,chg_00542,2.3,전공교육과정,notes,증빙,교무처,교육과정 담당부서,,,c3__2_3__notes__item:4,true,"유의사항 및 관련 정책 항목 검토 및 준비: 전공 교육과정의 비교과과정(예: 답사, 현장 견학, 공인영어성적, 봉사활동, 졸업논문, 졸업과제 등)은 대학의 각 학과별로 해당사항이 있는 경우에만 기술하고, 없을 경우에는 기술하지 않아도 됨(전공교육은 교과과정만으로도 이루어질 수 있도록 하고, 비교과과정은 특별히 필요한 경우에만 규정 또는 제공하는 것을 권장함). 단, 학점을 부여하지 않고 학습, 심리상담, 진로, 취·창업 등을 지원하는 프로그램은 비교과교육이지만, 교육과정에는 포함되지 않으므로 이후의 해당 준거에서 기술하도록 함. 참고로 학습지원프로그램은 2.6(교수-학습 지원), 심리상담 및 진로 지원 프로그램은 4.2(학생 심리 및 진로 상담), 취·창업 지원 프로그램은 5.4(취·창업지원 성과)에서 가각 기술함"
evidence_00319,act_00319,chg_00544,2.4,학사관리,notes,실적기간,교무처,교육과정 담당부서,최근 3년,3년,c4__2_4__notes__item:1,true,"유의사항 및 관련 정책 항목 검토 및 준비: 학사관리 개선 실적은 사회적 환경 변화, 학생 요구, 학사구조 개편 등에 따라 학사관리를 개선한 내용으로 최근 3년간 개선된 내용이 있는 경우에만 기술함"
evidence_00327,act_00327,chg_00552,2.5,수업,notes,산식/기준산정;증빙,교무처,교육과정 담당부서,,비율;평균,c4__2_5__notes__item:1,true,"유의사항 및 관련 정책 항목 검토 및 준비: 전임교원이 담당하는 교과목 비율과 평균 강의시수의 적절성은 대학의 「교원인사규정」 등 관련 규정에 명시된 전임교원 유형별로 구분하여 확인하며, 전임교원의 평균 강의시수는 전공 및 교양 과목 실제 강의시수(학부+대학원)의 평균이며, 책임시수 및 평균 강의시수가 수업의 질 관리 차원에서 적정 수준을 유지하고 있는지를 반영하여 평가함"
evidence_00329,act_00329,chg_00554,2.5,수업,notes,증빙,교무처,교육과정 담당부서,,,c4__2_5__notes__item:3,true,"유의사항 및 관련 정책 항목 검토 및 준비: 원격수업 지원 및 질 관리 체계는 대학의 특성을 고려하여 규정 및 절차에 따라 운영하고, 원격수업을 위한 인적·물적 지원과 원격수업의 질 관리를 위한 평가체제를 적정하게 운영하고 있는지를 확인하여 평가함"
evidence_00330,act_00330,chg_00556,2.5,수업,notes,산식/기준산정,교무처,교육과정 담당부서,,평균,c3__2_5__notes__item:1,true,유의사항 및 관련 정책 항목 검토 및 준비: 전임교원의 평균 강의시수는 전임교원의 전공 및 교양 과목 실제 강의 시수(학부+대학원) 평균임
evidence_00333,act_00333,chg_00559,2.6,교수-학습 지원,notes,기준값/정량,교수학습지원센터,,,3년;3학점,c4__2_6__notes__item:3,true,"유의사항 및 관련 정책 항목 검토 및 준비: 교수-학습지원센터 전임 연구·개발 인력은 교육학 및 관련분야 석사 이상의 학위 소지자를 원칙으로 하며, 전담 조직의 보직자와 행정직원을 제외하고 수업의 질 향상을 위한 연구 및 프로그램 개발·운영 등을 전담하는 인력으로서 겸직, 겸임은 인정하지 않음. 단, 교육매체지원의 담당자는 위 사항에 해당하지 않더라도 연구·개발 업무 담당 기간이 최소 3년 이상이면 전문성이 있다고 판단하여 종합적으로 평가함 ※전담 조직의 보직자는 전임 연구·개발 인력으로 인정하지 않으나, 교수-학습지원센터 전임 연구·개발 인력으로 임용되어 소속이 해당센터로 되어있고(겸직, 겸임 등 제외), 학기당 3학점을 초과하지 않는 강의를 담당하는 경우에 한하여 전임 연구·개발 인력으로 인정 가능함"
evidence_00338,act_00338,chg_00564,3.1,교원 확보 및 구성,notes,증빙,교무처,교원인사 담당부서,,,c4__3_1__notes__item:1,true,유의사항 및 관련 정책 항목 검토 및 준비: 전임교원과 겸임교원은 대학정보공시 「6-가. 전체 교원 대비 전임교원 현황」의 작성지침에 제시된 전임교원과 겸임교원을 의미함
evidence_00339,act_00339,chg_00565,3.1,교원 확보 및 구성,notes,기준값/정량;산식/기준산정,교무처,교원인사 담당부서,,30%;확보율,c4__3_1__notes__item:2,true,유의사항 및 관련 정책 항목 검토 및 준비: 겸임교원 확보율은 전임교원과 겸임교원의 근무 형태 및 담당 업무 차이 등을 고려하여 30% 비중으로 반영함
evidence_00340,act_00340,chg_00566,3.1,교원 확보 및 구성,notes,증빙,교무처,교원인사 담당부서,,,c4__3_1__notes__item:3,true,"유의사항 및 관련 정책 항목 검토 및 준비: 교원은 대학에서 교원 인사 규정 등에 근거하여 자체적으로 분류하는 기준에 따라 작성하되, 교원의 유형과 직제별 현황을 구체적으로 확인할 수 있도록 작성함"
evidence_00346,act_00346,chg_00575,3.3,교원 처우 및 복지,notes,기준값/정량;산식/기준산정;실적기간,교무처,교원인사 담당부서,최근 3년,3년;기준값;평균,c4__3_3__notes__item:2,true,"유의사항 및 관련 정책 항목 검토 및 준비: 강사 강의료는 매년 기준값 충족 여부를 평가하며, 충족하지 못한 경우 최근 3년간 평균을 고려하여 종합적으로 평가함"
evidence_00347,act_00347,chg_00577,3.3,교원 처우 및 복지,notes,기준값/정량;산식/기준산정,교무처,교원인사 담당부서,,50%;비율,c4__3_3__notes__item:4,true,유의사항 및 관련 정책 항목 검토 및 준비: 예술계열 학생 비율 50% 이상인 대학의 1:1 강의 강사 강의료는 별도 구분하여 작성 가능
evidence_00350,act_00350,chg_00581,3.4,교원의 연구활동 및 성과,notes,기준값/정량;산식/기준산정,연구처,교무처,,20%;기준값;비율,c4__3_4__notes__item:1,true,유의사항 및 관련 정책 항목 검토 및 준비: 자연계열(자연과학+공학+의학) 교수 비율 20% 미만 대학의 전임교원 1인당 교내연구비는 기준값을 달리 적용함
evidence_00351,act_00351,chg_00582,3.4,교원의 연구활동 및 성과,notes,기준값/정량,연구처,교무처,,기준값,c4__3_4__notes__item:2,true,유의사항 및 관련 정책 항목 검토 및 준비: 전임교원 1인당 교내연구비 기준값은 물가변동 등에 따라 연도별로 재설정될 수 있음
evidence_00352,act_00352,chg_00583,3.4,교원의 연구활동 및 성과,notes,산식/기준산정,연구처,교무처,,비율,c4__3_4__notes__item:3,true,유의사항 및 관련 정책 항목 검토 및 준비: 연구년제 참여율에 대한 최소 권장 비율의 적용 시에 대학설립유형을 구분하지 않음
evidence_00353,act_00353,chg_00584,3.4,교원의 연구활동 및 성과,notes,산식/기준산정;실적기간,연구처,교무처,최근 4년,4년;산출;비율;평균,c4__3_4__notes__item:4,true,"유의사항 및 관련 정책 항목 검토 및 준비: 연구년제 참여율에 대한 최소 권장 비율 산정에 사용되는 연구년제 대상자 수는 최근 4년 평균 연구년제 대상자 수로 하며, 평균값 산출 시 소수점 이하는 버림"
evidence_00354,act_00354,chg_00585,3.4,교원의 연구활동 및 성과,notes,기준값/정량;산식/기준산정,연구처,교무처,,20%;000천원;기준값;비율,c4__3_4__notes__item:5,true,"유의사항 및 관련 정책 항목 검토 및 준비: 자연계열(자연과학+공학+의학) 교수 비율이 20% 미만 대학은 전임교원 1인당 SCI급 논문 실적을 제외하고, 전임교원 1인당 교외연구비의 기준값을 2,000천원으로 함"
evidence_00355,act_00355,chg_00586,3.4,교원의 연구활동 및 성과,notes,기준값/정량;산식/기준산정,연구처,교무처,,기준값;비율,c4__3_4__notes__item:6,true,유의사항 및 관련 정책 항목 검토 및 준비: 각 지표의 기준값 대비 실적의 합은 기준값을 충족하는 지표의 개수를 고려하지 않고 자연계열 교수 비율로만 구분하여 적용함
evidence_00356,act_00356,chg_00587,3.4,교원의 연구활동 및 성과,notes,기준값/정량;산식/기준산정,연구처,교무처,,20%;비율,c4__3_4__notes__item:6.sub:001,true,유의사항 및 관련 정책 항목 검토 및 준비: 자연계열 교수 비율이 20% 이상 대학은 4 이상
evidence_00357,act_00357,chg_00588,3.4,교원의 연구활동 및 성과,notes,기준값/정량;산식/기준산정,연구처,교무처,,20%;비율,c4__3_4__notes__item:6.sub:002,true,유의사항 및 관련 정책 항목 검토 및 준비: 자연계열 교수 비율이 20% 미만 대학은 전임교원 1인당 SCI급 논문 실적을 제외하고 3 이상
evidence_00358,act_00358,chg_00589,3.4,교원의 연구활동 및 성과,notes,기준값/정량;산식/기준산정;증빙,연구처,교무처,,25%;기준값;평균,c4__3_4__notes__item:7,true,"유의사항 및 관련 정책 항목 검토 및 준비: 대학의 계열별 특성을 반영하여 학문적 성과 및 기여 실적을 기술할 수 있으며, 예술계열의 경우 논문 실적을 공연, 전시회 실적 등으로 대체할 수 있음. 예술계열 교수의 공연, 전시회 실적에 대한 기준값은 예술대학 평균의 하위 25% 실적을 기준으로 설정함"
evidence_00359,act_00359,chg_00590,3.4,교원의 연구활동 및 성과,notes,기준값/정량;산식/기준산정,연구처,교무처,,50%;20%;비율,c4__3_4__notes__item:7.sub:001,true,유의사항 및 관련 정책 항목 검토 및 준비: 예술계열 교수 비율이 50% 이상이고 자연계열 교수 비율이 20% 미만인 대학은 전임교원 1인당 등재(후보지) 논문 실적을 제외하고 실적의 합 3 이상 기준으로 선택할 수 있음
evidence_00360,act_00360,chg_00591,3.4,교원의 연구활동 및 성과,notes,실적기간;증빙,연구처,교무처,기준연도,,c4__3_4__notes__item:7.sub:002,true,"유의사항 및 관련 정책 항목 검토 및 준비: 공연, 전시회 실적은 자료 기준연도를 참조하여 KRI 등록 실적으로 작성함"
evidence_00362,act_00362,chg_00593,3.4,교원의 연구활동 및 성과,notes,기준값/정량,연구처,교무처,,기준값,c4__3_4__notes__item:8,true,유의사항 및 관련 정책 항목 검토 및 준비: 전임교원 1인당 교외연구비 기준값은 물가변동 등에 따라 연도별로 재설정될 수 있음
evidence_00363,act_00363,chg_00594,3.4,교원의 연구활동 및 성과,notes,증빙,연구처,교무처,,,c4__3_4__notes__item:9,true,"유의사항 및 관련 정책 항목 검토 및 준비: 연구윤리 확립을 위한 노력 및 실적으로 연구윤리 관련 규정, 연구윤리위원회 구성 및 운영 실적과 전임교원, 비전임교원 등을 대상으로 한 KIRD 이수 및 자체 교육 등을 포함함"
evidence_00365,act_00365,chg_00596,3.4,교원의 연구활동 및 성과,notes,기준값/정량,연구처,교무처,,기준값,c3__5_3__notes__item:2,true,유의사항 및 관련 정책 항목 검토 및 준비: 각 지표의 기준값 대비 실적의 합은 2개 이상의 지표가 기준값을 충족한 경우에만 인정함
evidence_00366,act_00366,chg_00597,3.5,직원 확보 및 인사,notes,증빙,총무처,직원인사 담당부서,,,c4__3_5__notes__item:1,true,유의사항 및 관련 정책 항목 검토 및 준비: 직원 1인당 학생수는 대학정보공시 「14-사. 직원 현황」의 작성지침에 제시된 직원 현황을 활용함
evidence_00367,act_00367,chg_00598,3.5,직원 확보 및 인사,notes,산식/기준산정;증빙,총무처,직원인사 담당부서,2025년,2025년;산출,c4__3_5__notes__item:1.sub:001,true,"유의사항 및 관련 정책 항목 검토 및 준비: 2025년 사립대학은 '기타' 직원을 제외하여 산출하여야 하며, 관련 직원 현황에 대한 별도 자료를 함께 제출해야함"
evidence_00368,act_00368,chg_00599,3.5,직원 확보 및 인사,notes,산식/기준산정,총무처,직원인사 담당부서,,산출,c4__3_5__notes__item:2,true,"유의사항 및 관련 정책 항목 검토 및 준비: 직원 1인당 학생수 산출 시에는 제외되나 실제 업무를 수행하는 직원(외부 용역 업체 직원 등)이 있는 경우, 보고서에 별도로 기술함"
evidence_00369,act_00369,chg_00602,3.5,직원 확보 및 인사,notes,산식/기준산정;증빙,총무처,직원인사 담당부서,2021년,2021년;산출,c3__3_5__notes__item:1,true,"유의사항 및 관련 정책 항목 검토 및 준비: 직원 1인당 학생수는 해당연도 공시자료를 활용하기 때문에, 2021년부터는 직원수에 산학협력단과 무기계약직을 함께 포함하여 산출함"
evidence_00380,act_00380,chg_00618,4.2,학생 심리상담 및 권익 보호,notes,증빙,학생상담센터,인권센터;장애학생지원센터,,,c4__4_2__notes__item:4,true,"유의사항 및 관련 정책 항목 검토 및 준비: 인권센터의 경우, 인력 구성 등 센터 운영 전반이 고등교육법 등 관련 법령에서 정한 규정에 부합하여야 함"
evidence_00382,act_00382,chg_00620,4.2,학생 심리상담 및 권익 보호,notes,증빙,학생상담센터,인권센터;장애학생지원센터,,,c4__4_2__notes__item:6,true,"유의사항 및 관련 정책 항목 검토 및 준비: 소수집단학생은 장애학생, 다문화가정 학생, 북한이탈주민 학생 등을 의미하며 그 밖에 대학에서 배려가 필요하다고 규정하는 소수의 학생도 인정함"
evidence_00390,act_00390,chg_00628,4.3,진로 및 취·창업 지원,notes,기준값/정량;산식/기준산정,진로·취창업지원센터,,,50%;25%;기준값;비율,c3__5_4__notes__item:1,true,유의사항 및 관련 정책 항목 검토 및 준비: 졸업생의 취업률에서 종교관련 및 예체능계열 학생 비율이 50% 이상인 대학의 기준값은 25%로 함
evidence_00393,act_00393,chg_00632,4.4,교육 시설,notes,산식/기준산정,시설관리팀,교무처,,산출,c4__4_4__notes__item:3,true,"유의사항 및 관련 정책 항목 검토 및 준비: 실험·실습 기자재 구입비는 「기계·기구 매입비」항목에서 지출된 금액과 실험·실습실의 집기·비품 매입비, 리스 임차료 등을 포함하여 산출하며 다른 지출 항목에서 명확하게 실험·실습 기자재 구입비로 사용된 금액이 있는 경우 별도로 기술함"
evidence_00395,act_00395,chg_00634,4.4,교육 시설,notes,증빙,시설관리팀,교무처,,,c3__4_4__notes__item:1,true,유의사항 및 관련 정책 항목 검토 및 준비: 교수·학습에 직접 사용되는 교사의 내부 환경은「학교보건법」 제4조의 규정에 의한 환경위생 및 식품위생의 유지·관리에 관한 기준에 적합하여야 함
evidence_00396,act_00396,chg_00635,4.4,교육 시설,notes,증빙,시설관리팀,교무처,,,c3__4_4__notes__item:2,true,유의사항 및 관련 정책 항목 검토 및 준비: 대학설립·운영규정에서 교육기본시설로 정의된 시설만 인정함
evidence_00400,act_00400,chg_00642,4.6,도서관,notes,기준값/정량;산식/기준산정,도서관,,,1명;0.8명;0.5명;산출,c4__4_6__notes__item:2,true,"유의사항 및 관련 정책 항목 검토 및 준비: 도서관 직원 수는 정규직 사서 1명, 비정규직 사서 1명, 정규직 비사서 0.8명, 비정규직 비사서 0.5명으로 산출함. 단, 시간제 근무자의 경우 통상 근로자 근무 시간을 고려하여 직원 수를 입력함"
evidence_00403,act_00403,chg_00646,4.6,도서관,notes,증빙,도서관,,,,c4__4_6__notes__item:3,true,유의사항 및 관련 정책 항목 검토 및 준비: 정원내·외 학부 및 대학원 재학생 수는 해당연도 공시자료를 활용함
evidence_00418,act_00418,chg_00684,1.2,거버넌스와 감사,checkpoints,실적기간,기획처,감사부서,,,c4__1_2__checkpoints__item:4.sub:001,true,주요 점검사항 항목 검토 및 준비: 감사 결과에 따른 제도 개선 등 결과 활용 실적
evidence_00422,act_00422,chg_00689,1.2,거버넌스와 감사,checkpoints,증빙,기획처,감사부서,,,c4__1_2__checkpoints__item:6.sub:002,true,주요 점검사항 항목 검토 및 준비: 규정에 따른 공익제보자 보호 제도 구축 및 운영 여부
evidence_00426,act_00426,chg_00693,1.3,재정 확보 및 집행,checkpoints,기준값/정량;산식/기준산정;실적기간,기획처,재무회계팀,최근 3년,3년;기준값;비율;평균,c4__1_3__checkpoints__item:1,true,"주요 점검사항 항목 검토 및 준비: 세입 중 등록금 비율, 세입 중 기부금 비율, 법인 책무성(사립대학)의 최근 3년간 평균이 기준값을 충족하는가"
evidence_00428,act_00428,chg_00704,1.4,성과관리체계 구축 및 운영,checkpoints,증빙,기획처,성과관리 담당부서,,,c4__1_4__checkpoints__item:1.sub:001,true,"주요 점검사항 항목 검토 및 준비: 관련 규정, 조직 및 인력 구성 현황 등"
evidence_00430,act_00430,chg_00706,1.4,성과관리체계 구축 및 운영,checkpoints,증빙,기획처,성과관리 담당부서,,,c4__1_4__checkpoints__item:2.sub:001,true,"주요 점검사항 항목 검토 및 준비: 관련 조직(위원회 등) 운영 실적, 결과보고서 등"
evidence_00445,act_00445,chg_00721,1.5,교육성과,checkpoints,기준값/정량;산식/기준산정;실적기간,기획처,교무처;교육혁신원;취·창업지원부서,최근 3년,3년;기준값;평균,c4__1_5__checkpoints__item:1,true,주요 점검사항 항목 검토 및 준비: 학생 충원 성과의 최근 3년간 평균이 기준값을 충족하고 있는가
evidence_00446,act_00446,chg_00722,1.5,교육성과,checkpoints,기준값/정량;산식/기준산정;실적기간,기획처,교무처;교육혁신원;취·창업지원부서,최근 3년,3년;기준값;평균,c4__1_5__checkpoints__item:2,true,주요 점검사항 항목 검토 및 준비: 졸업생 진로 성과의 최근 3년간 평균이 기준값을 충족하고 있는가
evidence_00451,act_00451,chg_00727,1.5,교육성과,checkpoints,증빙,기획처,교무처;교육혁신원;취·창업지원부서,,,c4__1_5__checkpoints__item:4.sub:001,true,"주요 점검사항 항목 검토 및 준비: 관련 규정, 조직 구성, 위원회 운영 실적 등"
evidence_00455,act_00455,chg_00731,1.5,교육성과,checkpoints,기준값/정량;산식/기준산정;실적기간,기획처,교무처;교육혁신원;취·창업지원부서,최근 3년,3년;기준값;평균;충원율,c3__5_2__checkpoints__item:1,true,주요 점검사항 항목 검토 및 준비: 정원내 신입생 충원율의 최근 3년간 평균이 기준값을 충족하고 있는가
evidence_00456,act_00456,chg_00732,1.5,교육성과,checkpoints,산식/기준산정,기획처,교무처;교육혁신원;취·창업지원부서,,충원율,c3__5_2__checkpoints__item:3,true,주요 점검사항 항목 검토 및 준비: 정원내 신입생 및 재학생 충원율 제고를 위한 노력이 적절한가
evidence_00460,act_00460,chg_00736,1.6,사회공헌 및 지역사회 연계·협력,checkpoints,증빙,사회공헌 담당부서,지역협력부서;산학협력단,,,c4__1_6__checkpoints__item:2.sub:001,true,"주요 점검사항 항목 검토 및 준비: 관련 규정, 조직 및 인력 구성, 예산 편성 및 집행 실적 등"
evidence_00461,act_00461,chg_00737,1.6,사회공헌 및 지역사회 연계·협력,checkpoints,증빙,사회공헌 담당부서,지역협력부서;산학협력단,,,c4__1_6__checkpoints__item:3,true,주요 점검사항 항목 검토 및 준비: 사회봉사와 관련한 규정(학칙)에 따라 대학이 기획한 사회봉사 활동 프로그램과 교과목의 운영은 적절한가
evidence_00465,act_00465,chg_00741,1.6,사회공헌 및 지역사회 연계·협력,checkpoints,증빙,사회공헌 담당부서,지역협력부서;산학협력단,,,c4__1_6__checkpoints__item:4.sub:001,true,"주요 점검사항 항목 검토 및 준비: 관련 규정, 추진 체계, 추진 계획 등"
evidence_00468,act_00468,chg_00744,1.6,사회공헌 및 지역사회 연계·협력,checkpoints,증빙,사회공헌 담당부서,지역협력부서;산학협력단,,,c3__5_5__checkpoints__item:2,true,주요 점검사항 항목 검토 및 준비: 사회봉사와 관련한 규정(학칙)이 갖추어져 있는가
evidence_00477,act_00477,chg_00754,2.1,교육과정 체계,checkpoints,기준값/정량;산식/기준산정,교무처,교육과정 담당부서,,30%;10%;비율,c4__2_1__checkpoints__item:2.sub:002,true,"주요 점검사항 항목 검토 및 준비: 졸업 이수 학점에서 교양, 전공의 학점 비율(교양 학점 비율은 졸업 이수 학점의 30%±10% 권장)"
evidence_00485,act_00485,chg_00768,2.2,교양교육과정,checkpoints,기준값/정량;산식/기준산정,교무처,교육과정 담당부서,,비율,c4__2_2__checkpoints__item:2.sub:001,true,주요 점검사항 항목 검토 및 준비: 교양 이수 학점에서 교양필수(선택필수 포함)와 교양선택 비율
evidence_00490,act_00490,chg_00778,2.2,교양교육과정,checkpoints,기준값/정량;산식/기준산정,교무처,교육과정 담당부서,,30%;10%;비율,c3__2_2__checkpoints__item:1.sub:001,true,주요 점검사항 항목 검토 및 준비: 졸업 이수 학점에서 교양 이수 학점의 비율(대학의 내부 기준이 없을 시 권장: 30%±10%)
evidence_00492,act_00492,chg_00780,2.2,교양교육과정,checkpoints,산식/기준산정,교무처,교육과정 담당부서,,1년;평균,c3__2_2__checkpoints__item:3.sub:001,true,"주요 점검사항 항목 검토 및 준비: 강좌당 1년(1, 2학기) 평균 수강학생 수"
evidence_00493,act_00493,chg_00781,2.2,교양교육과정,checkpoints,기준값/정량;산식/기준산정,교무처,교육과정 담당부서,,101명;2.5%;100명;1명;산출;비율,c3__2_2__checkpoints__item:3.sub:002,true,"주요 점검사항 항목 검토 및 준비: 101명 이상 대규모 교양과목 강좌 비율: 2.5% 이하(단, 대규모 강좌 비율 산출시 수업 튜터(최소 100명당 1명)가 있는 온라인강좌는 제외함. 대규모 강좌의 내실화 및 질관리에 초점을 두고 평가함)"
evidence_00496,act_00496,chg_00787,2.3,전공교육과정,checkpoints,기준값/정량;산식/기준산정,교무처,교육과정 담당부서,,비율,c4__2_3__checkpoints__item:2.sub:003,true,"주요 점검사항 항목 검토 및 준비: 전공기초, 전공필수, 전공선택 이수 학점 비율"
evidence_00499,act_00499,chg_00795,2.3,전공교육과정,checkpoints,증빙,교무처,교육과정 담당부서,,,c4__2_3__checkpoints__item:5.sub:001,true,"주요 점검사항 항목 검토 및 준비: 부·복수·다전공·기타 전공(융합, 연계, 자율전공 등) 관련 규정"
evidence_00500,act_00500,chg_00796,2.3,전공교육과정,checkpoints,기준값/정량,교무처,교육과정 담당부서,,10%,c4__2_3__checkpoints__item:5.sub:002,true,"주요 점검사항 항목 검토 및 준비: 부·복수·다전공·기타 전공(융합, 연계, 자율전공 등) 연도별 이수 현황(권장기준: 졸업자의 10% 이상)"
evidence_00501,act_00501,chg_00797,2.3,전공교육과정,checkpoints,증빙,교무처,교육과정 담당부서,,,c4__2_3__checkpoints__item:5.sub:003,true,주요 점검사항 항목 검토 및 준비: 소단위 전공 개설 및 이수 관련 규정과 연도별 이수 현황
evidence_00503,act_00503,chg_00799,2.3,전공교육과정,checkpoints,기준값/정량,교무처,교육과정 담당부서,,10%,c3__2_3__checkpoints__item:5.sub:002,true,주요 점검사항 항목 검토 및 준비: 연도별 이수 현황(대학의 내부 기준이 없는 경우 권장: 졸업자의 10% 이상)
evidence_00505,act_00505,chg_00801,2.4,학사관리,checkpoints,증빙,교무처,교육과정 담당부서,,,c4__2_4__checkpoints__item:1.sub:001,true,주요 점검사항 항목 검토 및 준비: 학사관리 규정 및 지침 현황
evidence_00506,act_00506,chg_00802,2.4,학사관리,checkpoints,증빙,교무처,교육과정 담당부서,,,c4__2_4__checkpoints__item:1.sub:002,true,주요 점검사항 항목 검토 및 준비: 학사관리 규정 및 지침 개선 절차의 합리성
evidence_00508,act_00508,chg_00807,2.4,학사관리,checkpoints,기준값/정량,교무처,교육과정 담당부서,,60명,c4__2_4__checkpoints__item:2.sub:003,true,"주요 점검사항 항목 검토 및 준비: 분반(권장기준: 50∼60명), 폐강 등의 학사운영 현황"
evidence_00512,act_00512,chg_00815,2.5,수업,checkpoints,기준값/정량;증빙,교무처,교육과정 담당부서,,,c4__2_5__checkpoints__item:1.sub:001,true,주요 점검사항 항목 검토 및 준비: 전임교원의 유형별 강의시수 관련 규정 및 준수 여부
evidence_00513,act_00513,chg_00816,2.5,수업,checkpoints,산식/기준산정,교무처,교육과정 담당부서,,비율;평균,c4__2_5__checkpoints__item:1.sub:002,true,주요 점검사항 항목 검토 및 준비: 전임교원 유형별 평균 강의 담당 비율
evidence_00514,act_00514,chg_00817,2.5,수업,checkpoints,기준값/정량;산식/기준산정,교무처,교육과정 담당부서,,평균,c4__2_5__checkpoints__item:1.sub:003,true,주요 점검사항 항목 검토 및 준비: 전임교원 유형별 평균 강의시수(학부+대학원 강의)
evidence_00519,act_00519,chg_00836,2.5,수업,checkpoints,산식/기준산정,교무처,교육과정 담당부서,,비율,c3__2_5__checkpoints__item:4.sub:002,true,주요 점검사항 항목 검토 및 준비: 평가 참여 학생 비율
evidence_00522,act_00522,chg_00842,2.6,교수-학습 지원,checkpoints,기준값/정량,교수학습지원센터,,,000명;6학점;2년,c4__2_6__checkpoints__item:1.sub:004,true,"주요 점검사항 항목 검토 및 준비: 학부 재학생 5,000명 초과 대학은 전임 연구·개발 인력에 박사학위를 소지한 정규직 1인 이상, 10,000명 초과 대학은 2인 이상 포함을 권장함. 단, 겸임인 자 또는 학기당 6학점 초과 강의 담당자는 인정하지 않음. 전임 연구·개발 인력에서 박사학위 소지자 정규직 요건 박사학위 소지자로서 정규직으로 임용된 자 또는 박사학위 소지자로서 재임용 2년 이상 가능한 자 또는 박사학위 소지자로서 재임용 2년 이상 근무 중인 자"
evidence_00528,act_00528,chg_00855,3.1,교원 확보 및 구성,checkpoints,기준값/정량;산식/기준산정;실적기간,교무처,교원인사 담당부서,최근 3년,3년;기준값;평균;확보율,c4__3_1__checkpoints__item:1,true,주요 점검사항 항목 검토 및 준비: 전임교원 및 겸임교원 확보율의 최근 3년간 평균이 기준값을 충족하는가
evidence_00529,act_00529,chg_00856,3.1,교원 확보 및 구성,checkpoints,기준값/정량;산식/기준산정,교무처,교원인사 담당부서,,4%;확보율,c4__3_1__checkpoints__item:1.sub:001,true,주요 점검사항 항목 검토 및 준비: 겸임교원 확보율은 4% 한도 내에서 반영함
evidence_00530,act_00530,chg_00857,3.1,교원 확보 및 구성,checkpoints,증빙,교무처,교원인사 담당부서,,,c4__3_1__checkpoints__item:2,true,주요 점검사항 항목 검토 및 준비: 교원 임용정책과 교원 인사 규정에 근거하여 교원 임용을 공개적으로 진행하고 임용 절차를 단계별로 공정하고 합리적으로 실시하고 있는가
evidence_00533,act_00533,chg_00860,3.1,교원 확보 및 구성,checkpoints,산식/기준산정,교무처,교원인사 담당부서,,비율,c4__3_1__checkpoints__item:3.sub:001,true,주요 점검사항 항목 검토 및 준비: 전임교원과 비전임교원의 인원수 및 비율
evidence_00538,act_00538,chg_00866,3.1,교원 확보 및 구성,checkpoints,증빙,교무처,교원인사 담당부서,,,c3__3_1__checkpoints__item:3,true,주요 점검사항 항목 검토 및 준비: 교원 임용을 공개적으로 진행하고 관련 자료를 확보하고 있는가
evidence_00539,act_00539,chg_00867,3.2,교원 인사 및 업적평가,checkpoints,증빙,교무처,교원인사 담당부서,,,c4__3_2__checkpoints__item:1,true,"주요 점검사항 항목 검토 및 준비: 교원 인사 규정에 근거하여 승진, 재임용, 정년보장임용이 공정한 절차에 의해 합리적으로 이루어지고 있는가"
evidence_00542,act_00542,chg_00870,3.2,교원 인사 및 업적평가,checkpoints,증빙,교무처,교원인사 담당부서,,,c4__3_2__checkpoints__item:2,true,"주요 점검사항 항목 검토 및 준비: 교원업적평가 규정에 근거하여 업적평가를 합리적으로 운영하고 평가 결과를 승진, 재임용, 포상 등에 반영하고 있는가"
evidence_00548,act_00548,chg_00876,3.2,교원 인사 및 업적평가,checkpoints,증빙,교무처,교원인사 담당부서,,,c4__3_2__checkpoints__item:3.sub:001,true,"주요 점검사항 항목 검토 및 준비: 결과 공개, 이의신청, 재심 등 제반 절차에 관한 규정 및 시행 여부 등"
evidence_00549,act_00549,chg_00877,3.2,교원 인사 및 업적평가,checkpoints,증빙,교무처,교원인사 담당부서,,,c4__3_2__checkpoints__item:4,true,주요 점검사항 항목 검토 및 준비: 교원 인사 및 업적평가 제도 관련 규정 개정 시 교원의 의견 수렴을 거쳐 적절하게 수정·보완하고 있는가
evidence_00553,act_00553,chg_00883,3.3,교원 처우 및 복지,checkpoints,산식/기준산정,교무처,교원인사 담당부서,,평균,c4__3_3__checkpoints__item:3.sub:001,true,"주요 점검사항 항목 검토 및 준비: 트랙별, 직급별 최저, 최고, 평균 연봉"
evidence_00554,act_00554,chg_00884,3.3,교원 처우 및 복지,checkpoints,산식/기준산정,교무처,교원인사 담당부서,,비율,c4__3_3__checkpoints__item:3.sub:002,true,주요 점검사항 항목 검토 및 준비: 정년트랙 대비 비정년트랙 최저보수 비율 등을 점검함
evidence_00559,act_00559,chg_00889,3.4,교원의 연구활동 및 성과,checkpoints,기준값/정량;산식/기준산정;실적기간,연구처,교무처,최근 3년,3년;기준값;평균,c4__3_4__checkpoints__item:1,true,주요 점검사항 항목 검토 및 준비: 전임교원 1인당 교내연구비의 최근 3년간 평균이 기준값을 충족하는가
evidence_00562,act_00562,chg_00892,3.4,교원의 연구활동 및 성과,checkpoints,기준값/정량;산식/기준산정,연구처,교무처,,50%;비율,c4__3_4__checkpoints__item:2.sub:002,true,"주요 점검사항 항목 검토 및 준비: 예술계열 교수 비율 50% 이상인 대학의 경우, 공연 및 전시 활동 지원 등을 포함함"
evidence_00563,act_00563,chg_00893,3.4,교원의 연구활동 및 성과,checkpoints,증빙,연구처,교무처,,,c4__3_4__checkpoints__item:3,true,주요 점검사항 항목 검토 및 준비: 교원의 연구 역량 제고를 위해 연구년제를 합리적인 규정에 따라 적절하게 운영하고 있는가
evidence_00565,act_00565,chg_00895,3.4,교원의 연구활동 및 성과,checkpoints,기준값/정량;산식/기준산정,연구처,교무처,,50명;1.0%;100명;1.5%;200명;2%;3%;비율,c4__3_4__checkpoints__item:3.sub:002,true,"주요 점검사항 항목 검토 및 준비: 연구년제 참여율에 대한 최소 권장 비율: 연구년제 대상 전체 교원 수에 따라 차등 적용함(50명 이하 1.0%, 100명 이하 1.5%, 200명 이하 2%, 200명 초과 3%)"
evidence_00567,act_00567,chg_00897,3.4,교원의 연구활동 및 성과,checkpoints,기준값/정량;산식/기준산정;실적기간,연구처,교무처,,기준값,c4__3_4__checkpoints__item:4,true,"주요 점검사항 항목 검토 및 준비: 전임교원 1인당 등재(후보)지 논문, SCI급 논문, 저역서, 교외연구비 실적에 대해 각 지표의 기준값 대비 실적의 합이 기준값을 충족하는가"
evidence_00569,act_00569,chg_00899,3.4,교원의 연구활동 및 성과,checkpoints,증빙,연구처,교무처,,,c4__3_4__checkpoints__item:5.sub:001,true,"주요 점검사항 항목 검토 및 준비: 연구윤리 관련 규정, 연구윤리위원회 구성 및 운영 실적, 연구윤리 교육 실적 등을 확인함"
evidence_00574,act_00574,chg_00904,3.4,교원의 연구활동 및 성과,checkpoints,기준값/정량;산식/기준산정;실적기간,연구처,교무처,최근 3년,3년;기준값;평균,c3__5_3__checkpoints__item:2,true,주요 점검사항 항목 검토 및 준비: 전임교원 1인당 SCI급 논문 실적의 최근 3년간 평균이 기준값을 충족하고 있는가
evidence_00575,act_00575,chg_00905,3.4,교원의 연구활동 및 성과,checkpoints,기준값/정량;산식/기준산정;실적기간,연구처,교무처,최근 3년,3년;기준값;평균,c3__5_3__checkpoints__item:3,true,주요 점검사항 항목 검토 및 준비: 전임교원 1인당 저역서 실적의 최근 3년간 평균이 기준값을 충족하고 있는가
evidence_00576,act_00576,chg_00906,3.4,교원의 연구활동 및 성과,checkpoints,기준값/정량;산식/기준산정;실적기간,연구처,교무처,최근 3년,3년;기준값;평균,c3__5_3__checkpoints__item:4,true,주요 점검사항 항목 검토 및 준비: 전임교원 1인당 교외연구비의 최근 3년간 평균이 기준값을 충족하고 있는가
evidence_00577,act_00577,chg_00907,3.4,교원의 연구활동 및 성과,checkpoints,기준값/정량,연구처,교무처,,기준값,c3__5_3__checkpoints__item:5,true,주요 점검사항 항목 검토 및 준비: 각 지표의 기준값 대비 실적의 합이 기준값을 충족하고 있는가
evidence_00578,act_00578,chg_00909,3.5,직원 확보 및 인사,checkpoints,증빙,총무처,직원인사 담당부서,,,c4__3_5__checkpoints__item:2,true,주요 점검사항 항목 검토 및 준비: 직원 인사 규정에 근거하여 직원 채용을 공개적으로 진행하고 채용 절차를 단계별로 실시하고 있는가
evidence_00580,act_00580,chg_00912,3.5,직원 확보 및 인사,checkpoints,산식/기준산정,총무처,직원인사 담당부서,,비율,c4__3_5__checkpoints__item:3.sub:001,true,주요 점검사항 항목 검토 및 준비: 비정규직 인원 비율 및 업무 내용(업무분장표) 등
evidence_00582,act_00582,chg_00914,3.5,직원 확보 및 인사,checkpoints,증빙,총무처,직원인사 담당부서,,,c4__3_5__checkpoints__item:4,true,"주요 점검사항 항목 검토 및 준비: 규정에 근거하여 직원평가를 합리적으로 운영하고 직원평가 결과를 승진, 재임용, 포상 등에 반영하고 있는가"
evidence_00588,act_00588,chg_00921,3.5,직원 확보 및 인사,checkpoints,증빙,총무처,직원인사 담당부서,,,c4__3_5__checkpoints__item:6.sub:001,true,"주요 점검사항 항목 검토 및 준비: 결과 통보, 이의신청 및 처리 절차 등 관련 규정의 유무 및 준수 여부"
evidence_00590,act_00590,chg_00923,3.5,직원 확보 및 인사,checkpoints,증빙,총무처,직원인사 담당부서,,,c3__3_5__checkpoints__item:3,true,주요 점검사항 항목 검토 및 준비: 직원 임용을 공개적으로 진행하고 관련 자료를 확보하고 있는가
evidence_00592,act_00592,chg_00925,3.6,직원 복지 및 업무 역량 개발,checkpoints,증빙,총무처,직원인사 담당부서,,,c4__3_6__checkpoints__item:1,true,주요 점검사항 항목 검토 및 준비: 직원 보수 규정에 의해 보수를 지급하고 직원의 최저보수 수준이 적절한가
evidence_00593,act_00593,chg_00926,3.6,직원 복지 및 업무 역량 개발,checkpoints,산식/기준산정,총무처,직원인사 담당부서,,비율,c4__3_6__checkpoints__item:1.sub:001,true,주요 점검사항 항목 검토 및 준비: 정규직 대비 비정규직 최저보수 비율 등
evidence_00600,act_00600,chg_00935,3.6,직원 복지 및 업무 역량 개발,checkpoints,증빙,총무처,직원인사 담당부서,,,c4__3_6__checkpoints__item:4.sub:004,true,주요 점검사항 항목 검토 및 준비: 프로그램 참여의 업무 평정 반영 여부: 관련 규정 및 반영 실적 등
evidence_00608,act_00608,chg_00950,4.2,학생 심리상담 및 권익 보호,checkpoints,증빙,학생상담센터,인권센터;장애학생지원센터,,,c4__4_2__checkpoints__item:1,true,주요 점검사항 항목 검토 및 준비: 학생 심리상담 관련을 위한 적합한 조직을 갖추고 상담한 실적이 있는가
evidence_00609,act_00609,chg_00951,4.2,학생 심리상담 및 권익 보호,checkpoints,증빙,학생상담센터,인권센터;장애학생지원센터,,,c4__4_2__checkpoints__item:1.sub:001,true,주요 점검사항 항목 검토 및 준비: 심리상담 관련 규정 및 조직
evidence_00613,act_00613,chg_00955,4.2,학생 심리상담 및 권익 보호,checkpoints,증빙,학생상담센터,인권센터;장애학생지원센터,,,c4__4_2__checkpoints__item:4,true,"주요 점검사항 항목 검토 및 준비: 학생들의 권익 보호를 위한 규정과 체계를 갖추고 있는가(인권센터 규정, 인력 및 시설 포함)"
evidence_00615,act_00615,chg_00957,4.2,학생 심리상담 및 권익 보호,checkpoints,증빙,학생상담센터,인권센터;장애학생지원센터,,,c4__4_2__checkpoints__item:6,true,주요 점검사항 항목 검토 및 준비: 소수집단학생 지원을 위한 규정과 체계를 갖추고 있는가
evidence_00621,act_00621,chg_00963,4.2,학생 심리상담 및 권익 보호,checkpoints,증빙,학생상담센터,인권센터;장애학생지원센터,,,c3__4_3__checkpoints__item:6,true,주요 점검사항 항목 검토 및 준비: 소수집단학생을 대상으로 만족도 조사를 실시하여 개선의 자료로 활용하고 있는가(멀티캠퍼스인 경우 캠퍼스별로 만족도 조사 실시) * <장애대학생 교육복지지원 실태평가> 평가 결과 참조
evidence_00626,act_00626,chg_00968,4.3,진로 및 취·창업 지원,checkpoints,기준값/정량;산식/기준산정;실적기간,진로·취창업지원센터,,최근 3년,3년;기준값;평균,c3__5_4__checkpoints__item:1,true,주요 점검사항 항목 검토 및 준비: 졸업생 취업률의 최근 3년간 평균이 기준값을 충족하고 있는가
evidence_00627,act_00627,chg_00969,4.4,교육 시설,checkpoints,기준값/정량,시설관리팀,교무처,,기준값,c4__4_4__checkpoints__item:1,true,주요 점검사항 항목 검토 및 준비: 재학생 1인당 강의실 면적과 실험·실습실 면적이 기준값을 충족하고 있는가
evidence_00629,act_00629,chg_00977,4.4,교육 시설,checkpoints,기준값/정량;산식/기준산정,시설관리팀,교무처,,기준값;확보율,c3__4_4__checkpoints__item:1,true,주요 점검사항 항목 검토 및 준비: 교사확보율이 기준값을 충족하고 있는가
evidence_00630,act_00630,chg_00978,4.4,교육 시설,checkpoints,기준값/정량,시설관리팀,교무처,,기준값,c3__4_4__checkpoints__item:2,true,주요 점검사항 항목 검토 및 준비: 재학생 1인당 강의실 면적이 기준값을 충족하고 있는가
evidence_00636,act_00636,chg_00988,4.6,도서관,checkpoints,기준값/정량;산식/기준산정;실적기간;증빙,도서관,,최근 3년,3년;기준값;평균,c4__4_6__checkpoints__item:1,true,주요 점검사항 항목 검토 및 준비: 재학생 1인당 연간 자료구입비(결산)의 최근 3년간 평균이 기준값을 충족하는가
evidence_00637,act_00637,chg_00989,4.6,도서관,checkpoints,기준값/정량;산식/기준산정;실적기간,도서관,,최근 3년,000명;3년;기준값;평균,c4__4_6__checkpoints__item:2,true,"주요 점검사항 항목 검토 및 준비: 재학생 1,000명당 도서관 직원 수의 최근 3년간 평균이 기준값을 충족하는가"
